01-09 22:36:17 com_github_MitjaNemec_ReplicateLayout.action_replicate_layout 409:Plugin executed on: 'win32'
01-09 22:36:17 com_github_MitjaNemec_ReplicateLayout.action_replicate_layout 410:Plugin executed with python version: '3.11.5 (main, Sep 17 2025, 01:04:48) [MSC v.1944 64 bit (AMD64)]'
01-09 22:36:17 com_github_MitjaNemec_ReplicateLayout.action_replicate_layout 411:KiCad build version: 9.0.6
01-09 22:36:17 com_github_MitjaNemec_ReplicateLayout.action_replicate_layout 412:Plugin version: 4.0.3
01-09 22:36:17 com_github_MitjaNemec_ReplicateLayout.action_replicate_layout 413:Frame repr: <wx._core.Frame object at 0x0000024D7B7C5AB0>
01-09 22:36:17 com_github_MitjaNemec_ReplicateLayout.action_replicate_layout 437:Preparing replicator with SW51 as a reference
01-09 22:36:17 com_github_MitjaNemec_ReplicateLayout.replicate_layout 117:getting a list of all footprints on board
01-09 22:36:17 com_github_MitjaNemec_ReplicateLayout.action_replicate_layout 485:source anchor footprint is 'SW51'
Located on: ['/left/']
With filenames: ['side.kicad_sch']
With sheet_id:['/left/']
01-09 22:36:17 com_github_MitjaNemec_ReplicateLayout.action_replicate_layout 492:Corresponding footprints are 
[('SW55', ['/right/']), ('SW51', ['/left/'])]
01-09 22:36:17 com_github_MitjaNemec_ReplicateLayout.action_replicate_layout 504:Showing dialog
01-09 22:36:17 com_github_MitjaNemec_ReplicateLayout.replicate_layout 472:constructing a list of sheets suitable for replication on level:'/left/', file:'side.kicad_sch'
01-09 22:36:17 com_github_MitjaNemec_ReplicateLayout.replicate_layout 509:suitable sheets are:[['/right/']]
01-09 22:36:17 com_github_MitjaNemec_ReplicateLayout.replicate_layout 1512:Level selected: ['/left/']
01-09 22:36:17 com_github_MitjaNemec_ReplicateLayout.replicate_layout 1336:Filtering list of tracks
01-09 22:36:17 com_github_MitjaNemec_ReplicateLayout.action_replicate_layout 510:Toolbar position: wx.Point(3388, 116)
01-09 22:36:17 com_github_MitjaNemec_ReplicateLayout.action_replicate_layout 515:Dialog position: wx.Point(2949, 116)
01-09 22:36:18 com_github_MitjaNemec_ReplicateLayout.replicate_layout 472:constructing a list of sheets suitable for replication on level:'/left/', file:'side.kicad_sch'
01-09 22:36:18 com_github_MitjaNemec_ReplicateLayout.replicate_layout 509:suitable sheets are:[['/right/']]
01-09 22:36:18 com_github_MitjaNemec_ReplicateLayout.action_replicate_layout 248:Replicating layout
01-09 22:36:18 com_github_MitjaNemec_ReplicateLayout.replicate_layout 288:Starting replication of sheets: [['/right/']]
on level: ['/left/']
with tracks=True, zone=True, text=True, text=True, intersecting=False, remove=False, locked footprints=False, group_only=False
01-09 22:36:18 root 340:updating GUI message: 'Preparing for replication'
01-09 22:36:18 root 345:updating GUI with: 0
01-09 22:36:18 com_github_MitjaNemec_ReplicateLayout.replicate_layout 358:Getting the list of source footprints
01-09 22:36:18 com_github_MitjaNemec_ReplicateLayout.replicate_layout 368:Getting the list of all the remaining footprints
01-09 22:36:18 com_github_MitjaNemec_ReplicateLayout.replicate_layout 375:Getting source tracks
01-09 22:36:18 com_github_MitjaNemec_ReplicateLayout.replicate_layout 1336:Filtering list of tracks
01-09 22:36:18 com_github_MitjaNemec_ReplicateLayout.replicate_layout 379:Getting source zones
01-09 22:36:18 com_github_MitjaNemec_ReplicateLayout.replicate_layout 383:Getting source text items
01-09 22:36:18 root 345:updating GUI with: 66
01-09 22:36:18 com_github_MitjaNemec_ReplicateLayout.replicate_layout 387:Getting source drawing items
01-09 22:36:18 root 340:updating GUI message: 'Replicating footprints'
01-09 22:36:18 com_github_MitjaNemec_ReplicateLayout.replicate_layout 863:Replicating footprints
01-09 22:36:18 com_github_MitjaNemec_ReplicateLayout.replicate_layout 870:Replicating footprints on sheet ['/right/']
01-09 22:36:18 com_github_MitjaNemec_ReplicateLayout.replicate_layout 835:Src fp.id: '756CB421-F0CA-41F6-8038-F09E4E57E03F'
01-09 22:36:18 com_github_MitjaNemec_ReplicateLayout.replicate_layout 839:Dst fp.id: '756CB421-F0CA-41F6-8038-F09E4E57E03F'
01-09 22:36:18 com_github_MitjaNemec_ReplicateLayout.replicate_layout 888:Replicating footprint: 'R7'
01-09 22:36:18 com_github_MitjaNemec_ReplicateLayout.replicate_layout 835:Src fp.id: '4AF35BBB-0C2F-4FA0-980C-0C3D073C3A10'
01-09 22:36:18 com_github_MitjaNemec_ReplicateLayout.replicate_layout 839:Dst fp.id: '4AF35BBB-0C2F-4FA0-980C-0C3D073C3A10'
01-09 22:36:18 com_github_MitjaNemec_ReplicateLayout.replicate_layout 895:found match in dst footprint: 'R8'
01-09 22:36:18 com_github_MitjaNemec_ReplicateLayout.replicate_layout 990:Src text UUid:0f0637dc-d11f-44ff-ac77-1c501c26e4da
01-09 22:36:18 com_github_MitjaNemec_ReplicateLayout.replicate_layout 991:Dst text UUid:7bc9b41f-d3af-486e-b09a-0a2d6c043f0d
01-09 22:36:18 com_github_MitjaNemec_ReplicateLayout.replicate_layout 990:Src text UUid:c30b4973-c5d6-4b56-a87a-214d7ddc824f
01-09 22:36:18 com_github_MitjaNemec_ReplicateLayout.replicate_layout 991:Dst text UUid:0a232997-d958-432d-82d9-8c58dc4ecfe8
01-09 22:36:18 com_github_MitjaNemec_ReplicateLayout.replicate_layout 888:Replicating footprint: 'LED1'
01-09 22:36:18 com_github_MitjaNemec_ReplicateLayout.replicate_layout 835:Src fp.id: '555D9F47-269E-429E-9F40-7D78010E7115'
01-09 22:36:18 com_github_MitjaNemec_ReplicateLayout.replicate_layout 839:Dst fp.id: '555D9F47-269E-429E-9F40-7D78010E7115'
01-09 22:36:18 com_github_MitjaNemec_ReplicateLayout.replicate_layout 895:found match in dst footprint: 'LED2'
01-09 22:36:18 com_github_MitjaNemec_ReplicateLayout.replicate_layout 990:Src text UUid:b5373e50-12da-4cdc-b044-cec7fcb70eca
01-09 22:36:18 com_github_MitjaNemec_ReplicateLayout.replicate_layout 991:Dst text UUid:7669da1a-8803-4862-9b1d-2a9987d79d80
01-09 22:36:18 com_github_MitjaNemec_ReplicateLayout.replicate_layout 990:Src text UUid:0bfb5916-b662-484b-a73b-2762ba0bce7c
01-09 22:36:18 com_github_MitjaNemec_ReplicateLayout.replicate_layout 991:Dst text UUid:d1bf8325-1c38-42f1-ae84-213a936ec3b8
01-09 22:36:18 com_github_MitjaNemec_ReplicateLayout.replicate_layout 888:Replicating footprint: 'R5'
01-09 22:36:18 com_github_MitjaNemec_ReplicateLayout.replicate_layout 835:Src fp.id: '29C1ED65-567C-4772-A614-34D00B636FB9'
01-09 22:36:18 com_github_MitjaNemec_ReplicateLayout.replicate_layout 839:Dst fp.id: '29C1ED65-567C-4772-A614-34D00B636FB9'
01-09 22:36:18 com_github_MitjaNemec_ReplicateLayout.replicate_layout 895:found match in dst footprint: 'R6'
01-09 22:36:18 com_github_MitjaNemec_ReplicateLayout.replicate_layout 990:Src text UUid:c203fb3b-8146-4fed-a660-99d5d7b55c4f
01-09 22:36:18 com_github_MitjaNemec_ReplicateLayout.replicate_layout 991:Dst text UUid:d7bc51f0-6f9c-4a04-beb4-f499cb5a73db
01-09 22:36:18 com_github_MitjaNemec_ReplicateLayout.replicate_layout 990:Src text UUid:cafc7e2b-27b0-42b3-9834-166b68de5730
01-09 22:36:18 com_github_MitjaNemec_ReplicateLayout.replicate_layout 991:Dst text UUid:c1982911-b95c-4b0e-a5e3-ad9f8f9b8bee
01-09 22:36:18 com_github_MitjaNemec_ReplicateLayout.replicate_layout 888:Replicating footprint: 'C1'
01-09 22:36:18 com_github_MitjaNemec_ReplicateLayout.replicate_layout 835:Src fp.id: 'B3D7FDDD-CDC4-4582-B983-8AA1C8CE1F26'
01-09 22:36:18 com_github_MitjaNemec_ReplicateLayout.replicate_layout 839:Dst fp.id: 'B3D7FDDD-CDC4-4582-B983-8AA1C8CE1F26'
01-09 22:36:18 com_github_MitjaNemec_ReplicateLayout.replicate_layout 895:found match in dst footprint: 'C2'
01-09 22:36:18 com_github_MitjaNemec_ReplicateLayout.replicate_layout 990:Src text UUid:975f3f22-6ff4-438a-800b-3da69e4222c1
01-09 22:36:18 com_github_MitjaNemec_ReplicateLayout.replicate_layout 991:Dst text UUid:8a879e21-c454-473c-9035-850ae3eeb3f5
01-09 22:36:18 com_github_MitjaNemec_ReplicateLayout.replicate_layout 990:Src text UUid:d5fa235f-d27f-407c-8cb3-6ecffc1099b0
01-09 22:36:18 com_github_MitjaNemec_ReplicateLayout.replicate_layout 991:Dst text UUid:90232b85-5e4d-40b7-9e81-dff05795270c
01-09 22:36:18 com_github_MitjaNemec_ReplicateLayout.replicate_layout 888:Replicating footprint: 'J1'
01-09 22:36:18 com_github_MitjaNemec_ReplicateLayout.replicate_layout 835:Src fp.id: '7A844E27-C5DF-4032-B4FF-70219D4BD043'
01-09 22:36:18 com_github_MitjaNemec_ReplicateLayout.replicate_layout 839:Dst fp.id: '7A844E27-C5DF-4032-B4FF-70219D4BD043'
01-09 22:36:18 com_github_MitjaNemec_ReplicateLayout.replicate_layout 895:found match in dst footprint: 'J2'
01-09 22:36:18 com_github_MitjaNemec_ReplicateLayout.replicate_layout 990:Src text UUid:218d8d28-32e0-4fa0-b87c-528b0ba52f29
01-09 22:36:18 com_github_MitjaNemec_ReplicateLayout.replicate_layout 991:Dst text UUid:a6d40ad2-66ad-4ae7-a243-908f5953fd7e
01-09 22:36:18 com_github_MitjaNemec_ReplicateLayout.replicate_layout 990:Src text UUid:442d8fcb-499d-412d-a302-68ab8955a72f
01-09 22:36:18 com_github_MitjaNemec_ReplicateLayout.replicate_layout 991:Dst text UUid:7cd53d4c-2418-4f9f-beab-0faaf01a0ab0
01-09 22:36:18 com_github_MitjaNemec_ReplicateLayout.replicate_layout 888:Replicating footprint: 'D51'
01-09 22:36:18 com_github_MitjaNemec_ReplicateLayout.replicate_layout 835:Src fp.id: 'B029EAEE-EF4A-404F-A032-9D64C38789CD'
01-09 22:36:18 com_github_MitjaNemec_ReplicateLayout.replicate_layout 839:Dst fp.id: 'B029EAEE-EF4A-404F-A032-9D64C38789CD'
01-09 22:36:18 com_github_MitjaNemec_ReplicateLayout.replicate_layout 895:found match in dst footprint: 'D55'
01-09 22:36:18 com_github_MitjaNemec_ReplicateLayout.replicate_layout 990:Src text UUid:94028b2f-cc8c-454a-a879-1f87ec6136bd
01-09 22:36:18 com_github_MitjaNemec_ReplicateLayout.replicate_layout 991:Dst text UUid:354be97c-a512-4e72-84ff-5eee836b5fc0
01-09 22:36:18 com_github_MitjaNemec_ReplicateLayout.replicate_layout 990:Src text UUid:784fa9db-570a-4b39-bcb0-ff008ca1fb0a
01-09 22:36:18 com_github_MitjaNemec_ReplicateLayout.replicate_layout 991:Dst text UUid:73bc636c-d241-4b16-b6b6-fa92e212ec9e
01-09 22:36:18 com_github_MitjaNemec_ReplicateLayout.replicate_layout 888:Replicating footprint: 'D52'
01-09 22:36:18 com_github_MitjaNemec_ReplicateLayout.replicate_layout 835:Src fp.id: '4DF11BA7-FBFC-4088-B5E2-9887A40837F1'
01-09 22:36:18 com_github_MitjaNemec_ReplicateLayout.replicate_layout 839:Dst fp.id: '4DF11BA7-FBFC-4088-B5E2-9887A40837F1'
01-09 22:36:18 com_github_MitjaNemec_ReplicateLayout.replicate_layout 895:found match in dst footprint: 'D56'
01-09 22:36:18 com_github_MitjaNemec_ReplicateLayout.replicate_layout 990:Src text UUid:a4eca546-f1a7-4066-82a0-b28f43223650
01-09 22:36:18 com_github_MitjaNemec_ReplicateLayout.replicate_layout 991:Dst text UUid:451a3dfb-0f1f-4377-a918-7e93024366dc
01-09 22:36:18 com_github_MitjaNemec_ReplicateLayout.replicate_layout 990:Src text UUid:f7118610-8892-4a6e-9a08-9ec596913d33
01-09 22:36:18 com_github_MitjaNemec_ReplicateLayout.replicate_layout 991:Dst text UUid:b0090d05-4ec0-4082-b35b-be18aa17625f
01-09 22:36:18 com_github_MitjaNemec_ReplicateLayout.replicate_layout 888:Replicating footprint: 'LED32'
01-09 22:36:18 com_github_MitjaNemec_ReplicateLayout.replicate_layout 835:Src fp.id: '3C6BEBB7-623E-42D5-A146-31F1A7431A23'
01-09 22:36:18 com_github_MitjaNemec_ReplicateLayout.replicate_layout 839:Dst fp.id: '3C6BEBB7-623E-42D5-A146-31F1A7431A23'
01-09 22:36:18 com_github_MitjaNemec_ReplicateLayout.replicate_layout 895:found match in dst footprint: 'LED44'
01-09 22:36:18 com_github_MitjaNemec_ReplicateLayout.replicate_layout 990:Src text UUid:3d93a1cb-1b7c-4512-a33c-ef380e5d6f86
01-09 22:36:18 com_github_MitjaNemec_ReplicateLayout.replicate_layout 991:Dst text UUid:5ebf73cf-0ce2-4685-acd5-415d05dad2e1
01-09 22:36:18 com_github_MitjaNemec_ReplicateLayout.replicate_layout 990:Src text UUid:8c449ec4-a54b-45c3-81a8-3bcfe5d3a394
01-09 22:36:18 com_github_MitjaNemec_ReplicateLayout.replicate_layout 991:Dst text UUid:99a6a251-2d1a-48ea-ad09-b654bf516962
01-09 22:36:18 com_github_MitjaNemec_ReplicateLayout.replicate_layout 888:Replicating footprint: 'LED27'
01-09 22:36:18 com_github_MitjaNemec_ReplicateLayout.replicate_layout 835:Src fp.id: 'E25FE24A-E436-47A4-85A9-2B3CC7F702D0'
01-09 22:36:18 com_github_MitjaNemec_ReplicateLayout.replicate_layout 839:Dst fp.id: 'E25FE24A-E436-47A4-85A9-2B3CC7F702D0'
01-09 22:36:18 com_github_MitjaNemec_ReplicateLayout.replicate_layout 895:found match in dst footprint: 'LED39'
01-09 22:36:18 com_github_MitjaNemec_ReplicateLayout.replicate_layout 990:Src text UUid:a74db79c-bb27-42ca-89f4-1ca0d1d90d59
01-09 22:36:18 com_github_MitjaNemec_ReplicateLayout.replicate_layout 991:Dst text UUid:76619836-be0c-4575-b8e5-d06fe9cb2973
01-09 22:36:18 com_github_MitjaNemec_ReplicateLayout.replicate_layout 990:Src text UUid:07ed8605-ed41-400d-a4d2-db62e1bdbe47
01-09 22:36:18 com_github_MitjaNemec_ReplicateLayout.replicate_layout 991:Dst text UUid:d6ab4daa-dcc3-47ae-99d5-0d6e08d8372a
01-09 22:36:18 com_github_MitjaNemec_ReplicateLayout.replicate_layout 888:Replicating footprint: 'LED29'
01-09 22:36:18 com_github_MitjaNemec_ReplicateLayout.replicate_layout 835:Src fp.id: 'B19F0406-C145-426A-B66C-0E401D72F536'
01-09 22:36:18 com_github_MitjaNemec_ReplicateLayout.replicate_layout 839:Dst fp.id: 'B19F0406-C145-426A-B66C-0E401D72F536'
01-09 22:36:18 com_github_MitjaNemec_ReplicateLayout.replicate_layout 895:found match in dst footprint: 'LED41'
01-09 22:36:18 com_github_MitjaNemec_ReplicateLayout.replicate_layout 990:Src text UUid:e8a48390-7c23-461c-b06f-dc3fe6be5d9b
01-09 22:36:18 com_github_MitjaNemec_ReplicateLayout.replicate_layout 991:Dst text UUid:f97d4f34-a498-41ee-a618-e5516e03c252
01-09 22:36:18 com_github_MitjaNemec_ReplicateLayout.replicate_layout 990:Src text UUid:b9a9a539-57b9-4247-89f4-995598e0fd9c
01-09 22:36:18 com_github_MitjaNemec_ReplicateLayout.replicate_layout 991:Dst text UUid:3ecf7c54-489f-406c-a994-50d3ed65addf
01-09 22:36:18 com_github_MitjaNemec_ReplicateLayout.replicate_layout 888:Replicating footprint: 'LED31'
01-09 22:36:18 com_github_MitjaNemec_ReplicateLayout.replicate_layout 835:Src fp.id: 'BC828AB9-CCE2-4145-822E-24A78283A072'
01-09 22:36:18 com_github_MitjaNemec_ReplicateLayout.replicate_layout 839:Dst fp.id: 'BC828AB9-CCE2-4145-822E-24A78283A072'
01-09 22:36:18 com_github_MitjaNemec_ReplicateLayout.replicate_layout 895:found match in dst footprint: 'LED43'
01-09 22:36:18 com_github_MitjaNemec_ReplicateLayout.replicate_layout 990:Src text UUid:28ebd350-a4ec-471e-995d-32d1c369a7ab
01-09 22:36:18 com_github_MitjaNemec_ReplicateLayout.replicate_layout 991:Dst text UUid:4b8f852d-1166-4272-bc6b-2ce50dd3f916
01-09 22:36:18 com_github_MitjaNemec_ReplicateLayout.replicate_layout 990:Src text UUid:f182ad90-f417-416a-85ee-e8a8150be43d
01-09 22:36:18 com_github_MitjaNemec_ReplicateLayout.replicate_layout 991:Dst text UUid:f931a040-c0b1-47a6-a8c8-35a066e06314
01-09 22:36:18 com_github_MitjaNemec_ReplicateLayout.replicate_layout 888:Replicating footprint: 'C32'
01-09 22:36:18 com_github_MitjaNemec_ReplicateLayout.replicate_layout 835:Src fp.id: '5E03D2AA-45ED-485D-97B3-E762CF756523'
01-09 22:36:18 com_github_MitjaNemec_ReplicateLayout.replicate_layout 839:Dst fp.id: '5E03D2AA-45ED-485D-97B3-E762CF756523'
01-09 22:36:18 com_github_MitjaNemec_ReplicateLayout.replicate_layout 895:found match in dst footprint: 'C44'
01-09 22:36:18 com_github_MitjaNemec_ReplicateLayout.replicate_layout 990:Src text UUid:8445ac30-0901-4c3e-a4a3-c90a89028ece
01-09 22:36:18 com_github_MitjaNemec_ReplicateLayout.replicate_layout 991:Dst text UUid:cb11d135-9ed9-4c98-8b10-9d5902061aa6
01-09 22:36:18 com_github_MitjaNemec_ReplicateLayout.replicate_layout 990:Src text UUid:7081ac34-ec67-4c7a-bf84-8ac06a95cfb1
01-09 22:36:18 com_github_MitjaNemec_ReplicateLayout.replicate_layout 991:Dst text UUid:60c24432-2323-4ea3-879d-40e0463e1611
01-09 22:36:18 com_github_MitjaNemec_ReplicateLayout.replicate_layout 888:Replicating footprint: 'C34'
01-09 22:36:18 com_github_MitjaNemec_ReplicateLayout.replicate_layout 835:Src fp.id: '294F0064-150A-4C36-9724-6EAF040D7CE2'
01-09 22:36:18 com_github_MitjaNemec_ReplicateLayout.replicate_layout 839:Dst fp.id: '294F0064-150A-4C36-9724-6EAF040D7CE2'
01-09 22:36:18 com_github_MitjaNemec_ReplicateLayout.replicate_layout 895:found match in dst footprint: 'C46'
01-09 22:36:18 com_github_MitjaNemec_ReplicateLayout.replicate_layout 990:Src text UUid:e72725ce-64ad-43bc-9923-924e423fca34
01-09 22:36:18 com_github_MitjaNemec_ReplicateLayout.replicate_layout 991:Dst text UUid:43b7a6ad-ed79-46e5-ac18-2d8c8da1084a
01-09 22:36:18 com_github_MitjaNemec_ReplicateLayout.replicate_layout 990:Src text UUid:00738fa8-291c-435f-9de6-40909ec25a1e
01-09 22:36:18 com_github_MitjaNemec_ReplicateLayout.replicate_layout 991:Dst text UUid:64cbde62-bd36-4909-a837-044aaa12d64f
01-09 22:36:18 com_github_MitjaNemec_ReplicateLayout.replicate_layout 888:Replicating footprint: 'C33'
01-09 22:36:18 com_github_MitjaNemec_ReplicateLayout.replicate_layout 835:Src fp.id: 'FCD97AD7-753C-40A6-9D53-62F0395354F3'
01-09 22:36:18 com_github_MitjaNemec_ReplicateLayout.replicate_layout 839:Dst fp.id: 'FCD97AD7-753C-40A6-9D53-62F0395354F3'
01-09 22:36:18 com_github_MitjaNemec_ReplicateLayout.replicate_layout 895:found match in dst footprint: 'C45'
01-09 22:36:18 com_github_MitjaNemec_ReplicateLayout.replicate_layout 990:Src text UUid:25b51a31-0a76-4cf0-b7d6-e93aac3cca4b
01-09 22:36:18 com_github_MitjaNemec_ReplicateLayout.replicate_layout 991:Dst text UUid:4cc65fd9-4ab7-41c4-8743-902760c9e214
01-09 22:36:18 com_github_MitjaNemec_ReplicateLayout.replicate_layout 990:Src text UUid:5be5064f-ec5c-4739-a051-a9249ab6ef95
01-09 22:36:18 com_github_MitjaNemec_ReplicateLayout.replicate_layout 991:Dst text UUid:66f5bc6d-f35f-43e5-91ba-686b4d2f056a
01-09 22:36:18 com_github_MitjaNemec_ReplicateLayout.replicate_layout 888:Replicating footprint: 'C31'
01-09 22:36:18 com_github_MitjaNemec_ReplicateLayout.replicate_layout 835:Src fp.id: 'E733A6BB-B527-4874-9B83-163F3081B589'
01-09 22:36:18 com_github_MitjaNemec_ReplicateLayout.replicate_layout 839:Dst fp.id: 'E733A6BB-B527-4874-9B83-163F3081B589'
01-09 22:36:18 com_github_MitjaNemec_ReplicateLayout.replicate_layout 895:found match in dst footprint: 'C43'
01-09 22:36:18 com_github_MitjaNemec_ReplicateLayout.replicate_layout 990:Src text UUid:e1151bfe-05ee-4140-94db-c1021156ce88
01-09 22:36:18 com_github_MitjaNemec_ReplicateLayout.replicate_layout 991:Dst text UUid:8fbce329-fa7f-4887-b9db-9b6c9f0261a5
01-09 22:36:18 com_github_MitjaNemec_ReplicateLayout.replicate_layout 990:Src text UUid:dff40ff0-9715-4093-9539-769f6a827349
01-09 22:36:18 com_github_MitjaNemec_ReplicateLayout.replicate_layout 991:Dst text UUid:38064b9b-5fbc-46b7-9167-825eefca19b5
01-09 22:36:18 com_github_MitjaNemec_ReplicateLayout.replicate_layout 888:Replicating footprint: 'D9'
01-09 22:36:18 com_github_MitjaNemec_ReplicateLayout.replicate_layout 835:Src fp.id: '54B05EEE-70E1-430E-BADA-E90A8EFB272F'
01-09 22:36:18 com_github_MitjaNemec_ReplicateLayout.replicate_layout 839:Dst fp.id: '54B05EEE-70E1-430E-BADA-E90A8EFB272F'
01-09 22:36:18 com_github_MitjaNemec_ReplicateLayout.replicate_layout 895:found match in dst footprint: 'D10'
01-09 22:36:18 com_github_MitjaNemec_ReplicateLayout.replicate_layout 990:Src text UUid:07471fce-2516-4a7a-85c1-14a13a60fe24
01-09 22:36:18 com_github_MitjaNemec_ReplicateLayout.replicate_layout 991:Dst text UUid:af99c962-eb01-470d-86f6-c172a03eee11
01-09 22:36:18 com_github_MitjaNemec_ReplicateLayout.replicate_layout 990:Src text UUid:49a2b0da-c5f0-4d71-8516-dd0c2e814f69
01-09 22:36:18 com_github_MitjaNemec_ReplicateLayout.replicate_layout 991:Dst text UUid:3330fae2-21f3-40f7-b74e-cd9238418483
01-09 22:36:18 com_github_MitjaNemec_ReplicateLayout.replicate_layout 888:Replicating footprint: 'D28'
01-09 22:36:18 com_github_MitjaNemec_ReplicateLayout.replicate_layout 835:Src fp.id: '9AAE2F9B-DDE3-424F-A44D-A3E8D4469B32'
01-09 22:36:18 com_github_MitjaNemec_ReplicateLayout.replicate_layout 839:Dst fp.id: '9AAE2F9B-DDE3-424F-A44D-A3E8D4469B32'
01-09 22:36:18 com_github_MitjaNemec_ReplicateLayout.replicate_layout 895:found match in dst footprint: 'D34'
01-09 22:36:18 com_github_MitjaNemec_ReplicateLayout.replicate_layout 990:Src text UUid:54171f1f-e945-4eb2-a3b8-cb5a66d886f6
01-09 22:36:18 com_github_MitjaNemec_ReplicateLayout.replicate_layout 991:Dst text UUid:38211208-9b20-45a2-9607-421474587dba
01-09 22:36:18 com_github_MitjaNemec_ReplicateLayout.replicate_layout 990:Src text UUid:636faadd-1e8c-4a26-9ed1-d9c08e8c8355
01-09 22:36:18 com_github_MitjaNemec_ReplicateLayout.replicate_layout 991:Dst text UUid:96e5e5c7-98ce-47c6-b0b3-1350ee4286ed
01-09 22:36:18 com_github_MitjaNemec_ReplicateLayout.replicate_layout 888:Replicating footprint: 'D3'
01-09 22:36:18 com_github_MitjaNemec_ReplicateLayout.replicate_layout 835:Src fp.id: '8909BC1F-CF43-4961-9E85-74E9B20A210D'
01-09 22:36:18 com_github_MitjaNemec_ReplicateLayout.replicate_layout 839:Dst fp.id: '8909BC1F-CF43-4961-9E85-74E9B20A210D'
01-09 22:36:18 com_github_MitjaNemec_ReplicateLayout.replicate_layout 895:found match in dst footprint: 'D4'
01-09 22:36:18 com_github_MitjaNemec_ReplicateLayout.replicate_layout 990:Src text UUid:2652c469-e724-42f2-8869-f72e07d7a909
01-09 22:36:18 com_github_MitjaNemec_ReplicateLayout.replicate_layout 991:Dst text UUid:140b5128-65e9-4e21-88b2-5cf6c1c2b648
01-09 22:36:18 com_github_MitjaNemec_ReplicateLayout.replicate_layout 990:Src text UUid:90dfd169-c6ee-4ed9-a136-1c16abbd8669
01-09 22:36:18 com_github_MitjaNemec_ReplicateLayout.replicate_layout 991:Dst text UUid:b2fbda48-4b72-4046-8f63-36a26abfa668
01-09 22:36:18 com_github_MitjaNemec_ReplicateLayout.replicate_layout 888:Replicating footprint: 'D25'
01-09 22:36:18 com_github_MitjaNemec_ReplicateLayout.replicate_layout 835:Src fp.id: '99FA3F2E-BD37-41B9-862A-15C8FD9F3FAD'
01-09 22:36:18 com_github_MitjaNemec_ReplicateLayout.replicate_layout 839:Dst fp.id: '99FA3F2E-BD37-41B9-862A-15C8FD9F3FAD'
01-09 22:36:18 com_github_MitjaNemec_ReplicateLayout.replicate_layout 895:found match in dst footprint: 'D31'
01-09 22:36:18 com_github_MitjaNemec_ReplicateLayout.replicate_layout 990:Src text UUid:a89f501f-fbe7-43a3-913d-edb90435a8ec
01-09 22:36:18 com_github_MitjaNemec_ReplicateLayout.replicate_layout 991:Dst text UUid:be1279ee-d0af-4bed-b3a5-d0d5a5d76e5c
01-09 22:36:18 com_github_MitjaNemec_ReplicateLayout.replicate_layout 990:Src text UUid:441ef5dd-12ab-4278-b562-f3e303b5d865
01-09 22:36:18 com_github_MitjaNemec_ReplicateLayout.replicate_layout 991:Dst text UUid:bfa74cf6-aecb-4ce8-960b-31a2c5859ef8
01-09 22:36:18 com_github_MitjaNemec_ReplicateLayout.replicate_layout 888:Replicating footprint: 'C38'
01-09 22:36:18 com_github_MitjaNemec_ReplicateLayout.replicate_layout 835:Src fp.id: 'C2B428F3-1C13-4298-A824-5EDD9AFA56A4'
01-09 22:36:18 com_github_MitjaNemec_ReplicateLayout.replicate_layout 839:Dst fp.id: 'C2B428F3-1C13-4298-A824-5EDD9AFA56A4'
01-09 22:36:18 com_github_MitjaNemec_ReplicateLayout.replicate_layout 895:found match in dst footprint: 'C50'
01-09 22:36:18 com_github_MitjaNemec_ReplicateLayout.replicate_layout 990:Src text UUid:866297e6-706a-4e97-a369-60e247b103c1
01-09 22:36:18 com_github_MitjaNemec_ReplicateLayout.replicate_layout 991:Dst text UUid:9bac9ba4-71b8-4f83-bd52-ec455a3e3964
01-09 22:36:18 com_github_MitjaNemec_ReplicateLayout.replicate_layout 990:Src text UUid:370e5f04-0945-447d-bbd5-3e3484134398
01-09 22:36:18 com_github_MitjaNemec_ReplicateLayout.replicate_layout 991:Dst text UUid:253870ed-3da5-4c42-ac62-ca586aa07ece
01-09 22:36:18 com_github_MitjaNemec_ReplicateLayout.replicate_layout 888:Replicating footprint: 'C52'
01-09 22:36:18 com_github_MitjaNemec_ReplicateLayout.replicate_layout 835:Src fp.id: '651F38E6-1FD6-4E20-817F-8F42436411CF'
01-09 22:36:18 com_github_MitjaNemec_ReplicateLayout.replicate_layout 839:Dst fp.id: '651F38E6-1FD6-4E20-817F-8F42436411CF'
01-09 22:36:18 com_github_MitjaNemec_ReplicateLayout.replicate_layout 895:found match in dst footprint: 'C64'
01-09 22:36:18 com_github_MitjaNemec_ReplicateLayout.replicate_layout 990:Src text UUid:09d7719a-3098-4c30-ba8e-1bee72009aa4
01-09 22:36:18 com_github_MitjaNemec_ReplicateLayout.replicate_layout 991:Dst text UUid:2133b41a-db53-4824-861b-c9c7961452cd
01-09 22:36:18 com_github_MitjaNemec_ReplicateLayout.replicate_layout 990:Src text UUid:0bc4081a-7765-45f2-8af6-ad162f94602f
01-09 22:36:18 com_github_MitjaNemec_ReplicateLayout.replicate_layout 991:Dst text UUid:3ba34aee-3691-4044-9177-591ee784675e
01-09 22:36:18 com_github_MitjaNemec_ReplicateLayout.replicate_layout 888:Replicating footprint: 'C25'
01-09 22:36:18 com_github_MitjaNemec_ReplicateLayout.replicate_layout 835:Src fp.id: 'E9B3E317-DA1A-4934-BB1D-40D088D4445B'
01-09 22:36:18 com_github_MitjaNemec_ReplicateLayout.replicate_layout 839:Dst fp.id: 'E9B3E317-DA1A-4934-BB1D-40D088D4445B'
01-09 22:36:18 com_github_MitjaNemec_ReplicateLayout.replicate_layout 895:found match in dst footprint: 'C26'
01-09 22:36:18 com_github_MitjaNemec_ReplicateLayout.replicate_layout 990:Src text UUid:7ba02791-e333-46e5-84bb-d811b9054f61
01-09 22:36:18 com_github_MitjaNemec_ReplicateLayout.replicate_layout 991:Dst text UUid:739ecba8-c97b-4631-a9e3-548a19323c43
01-09 22:36:18 com_github_MitjaNemec_ReplicateLayout.replicate_layout 990:Src text UUid:7706f735-194a-4b1b-ba1d-bf9723e25c11
01-09 22:36:18 com_github_MitjaNemec_ReplicateLayout.replicate_layout 991:Dst text UUid:ec046118-399b-441e-8640-54e09be7f975
01-09 22:36:18 com_github_MitjaNemec_ReplicateLayout.replicate_layout 888:Replicating footprint: 'LED28'
01-09 22:36:18 com_github_MitjaNemec_ReplicateLayout.replicate_layout 835:Src fp.id: '74B952C6-84A2-401E-A191-58DD3FD7201C'
01-09 22:36:18 com_github_MitjaNemec_ReplicateLayout.replicate_layout 839:Dst fp.id: '74B952C6-84A2-401E-A191-58DD3FD7201C'
01-09 22:36:18 com_github_MitjaNemec_ReplicateLayout.replicate_layout 895:found match in dst footprint: 'LED40'
01-09 22:36:18 com_github_MitjaNemec_ReplicateLayout.replicate_layout 990:Src text UUid:2ead8b02-7081-4608-9c49-507272df3877
01-09 22:36:18 com_github_MitjaNemec_ReplicateLayout.replicate_layout 991:Dst text UUid:1af149b5-f56e-4cba-ae9d-94258da5d0e7
01-09 22:36:18 com_github_MitjaNemec_ReplicateLayout.replicate_layout 990:Src text UUid:a653327a-222c-454f-b8ef-16ea65e8d943
01-09 22:36:18 com_github_MitjaNemec_ReplicateLayout.replicate_layout 991:Dst text UUid:f9e631f6-0631-401e-85f4-76546ee87549
01-09 22:36:18 com_github_MitjaNemec_ReplicateLayout.replicate_layout 888:Replicating footprint: 'D37'
01-09 22:36:18 com_github_MitjaNemec_ReplicateLayout.replicate_layout 835:Src fp.id: 'FE5AA5F6-AF3E-40EC-81A2-7537F756585B'
01-09 22:36:18 com_github_MitjaNemec_ReplicateLayout.replicate_layout 839:Dst fp.id: 'FE5AA5F6-AF3E-40EC-81A2-7537F756585B'
01-09 22:36:18 com_github_MitjaNemec_ReplicateLayout.replicate_layout 895:found match in dst footprint: 'D43'
01-09 22:36:18 com_github_MitjaNemec_ReplicateLayout.replicate_layout 990:Src text UUid:db89e74f-d38a-4d87-ab31-5befb4c423dd
01-09 22:36:18 com_github_MitjaNemec_ReplicateLayout.replicate_layout 991:Dst text UUid:26c25479-c2d7-4cf8-85e8-f02d1b064902
01-09 22:36:18 com_github_MitjaNemec_ReplicateLayout.replicate_layout 990:Src text UUid:a3973c07-45fc-4ed7-8dbe-8117acd88371
01-09 22:36:18 com_github_MitjaNemec_ReplicateLayout.replicate_layout 991:Dst text UUid:7d972b66-eb47-4028-af27-a963a032cb5e
01-09 22:36:18 com_github_MitjaNemec_ReplicateLayout.replicate_layout 888:Replicating footprint: 'LED3'
01-09 22:36:18 com_github_MitjaNemec_ReplicateLayout.replicate_layout 835:Src fp.id: '4235D0BC-41E2-4C8C-B400-CC9BE26A3504'
01-09 22:36:18 com_github_MitjaNemec_ReplicateLayout.replicate_layout 839:Dst fp.id: '4235D0BC-41E2-4C8C-B400-CC9BE26A3504'
01-09 22:36:18 com_github_MitjaNemec_ReplicateLayout.replicate_layout 895:found match in dst footprint: 'LED4'
01-09 22:36:18 com_github_MitjaNemec_ReplicateLayout.replicate_layout 990:Src text UUid:45a1f5f5-a178-428a-8e22-c69fea8e4489
01-09 22:36:18 com_github_MitjaNemec_ReplicateLayout.replicate_layout 991:Dst text UUid:dcdb406b-089f-4ae2-ac60-7eb1da9559f3
01-09 22:36:18 com_github_MitjaNemec_ReplicateLayout.replicate_layout 990:Src text UUid:63cd9943-a498-4ab0-a3ea-dbea6959092a
01-09 22:36:18 com_github_MitjaNemec_ReplicateLayout.replicate_layout 991:Dst text UUid:c587142b-8129-4c42-9ca5-b7a3b07625c3
01-09 22:36:18 com_github_MitjaNemec_ReplicateLayout.replicate_layout 888:Replicating footprint: 'TP1'
01-09 22:36:18 com_github_MitjaNemec_ReplicateLayout.replicate_layout 835:Src fp.id: '072E5B72-ED48-42CF-A788-F5489B571EEC'
01-09 22:36:18 com_github_MitjaNemec_ReplicateLayout.replicate_layout 839:Dst fp.id: '072E5B72-ED48-42CF-A788-F5489B571EEC'
01-09 22:36:18 com_github_MitjaNemec_ReplicateLayout.replicate_layout 895:found match in dst footprint: 'TP3'
01-09 22:36:18 com_github_MitjaNemec_ReplicateLayout.replicate_layout 990:Src text UUid:ca05b833-2830-4709-acae-1e947b01cc01
01-09 22:36:18 com_github_MitjaNemec_ReplicateLayout.replicate_layout 991:Dst text UUid:5c783908-b35a-48e4-bff6-ee6cbb284b85
01-09 22:36:18 com_github_MitjaNemec_ReplicateLayout.replicate_layout 990:Src text UUid:499afbce-03ce-49f5-83df-b890e7eb72be
01-09 22:36:18 com_github_MitjaNemec_ReplicateLayout.replicate_layout 991:Dst text UUid:0261a302-6800-4dfe-bb29-c7d07cd34008
01-09 22:36:18 com_github_MitjaNemec_ReplicateLayout.replicate_layout 888:Replicating footprint: 'D18'
01-09 22:36:18 com_github_MitjaNemec_ReplicateLayout.replicate_layout 835:Src fp.id: 'A0FBF711-E944-4828-9D0B-232DD8B5AAF9'
01-09 22:36:18 com_github_MitjaNemec_ReplicateLayout.replicate_layout 839:Dst fp.id: 'A0FBF711-E944-4828-9D0B-232DD8B5AAF9'
01-09 22:36:18 com_github_MitjaNemec_ReplicateLayout.replicate_layout 895:found match in dst footprint: 'D24'
01-09 22:36:18 com_github_MitjaNemec_ReplicateLayout.replicate_layout 990:Src text UUid:524b52f1-414a-4ef4-a62a-6ac83708172a
01-09 22:36:18 com_github_MitjaNemec_ReplicateLayout.replicate_layout 991:Dst text UUid:e3f91907-cebd-4bd2-af2e-feddb83ea67f
01-09 22:36:18 com_github_MitjaNemec_ReplicateLayout.replicate_layout 990:Src text UUid:9ece9ccb-bf05-4876-a22f-2b1d60906786
01-09 22:36:18 com_github_MitjaNemec_ReplicateLayout.replicate_layout 991:Dst text UUid:870c8f45-0840-4204-8c22-1615d1aa2784
01-09 22:36:18 com_github_MitjaNemec_ReplicateLayout.replicate_layout 888:Replicating footprint: 'R3'
01-09 22:36:18 com_github_MitjaNemec_ReplicateLayout.replicate_layout 835:Src fp.id: '9A51D0B6-B9DE-4B51-98C6-60F1DBDE39A6'
01-09 22:36:18 com_github_MitjaNemec_ReplicateLayout.replicate_layout 839:Dst fp.id: '9A51D0B6-B9DE-4B51-98C6-60F1DBDE39A6'
01-09 22:36:18 com_github_MitjaNemec_ReplicateLayout.replicate_layout 895:found match in dst footprint: 'R4'
01-09 22:36:18 com_github_MitjaNemec_ReplicateLayout.replicate_layout 990:Src text UUid:07fbad47-2c53-479d-bacd-4f5dda9f22b7
01-09 22:36:18 com_github_MitjaNemec_ReplicateLayout.replicate_layout 991:Dst text UUid:61dfd516-ca01-4a76-83c5-5446f1765249
01-09 22:36:18 com_github_MitjaNemec_ReplicateLayout.replicate_layout 990:Src text UUid:048ef1a2-68ac-4469-b735-302236f27cbf
01-09 22:36:18 com_github_MitjaNemec_ReplicateLayout.replicate_layout 991:Dst text UUid:9278b5d1-101e-4e79-bbe9-f8b6d41b4694
01-09 22:36:18 com_github_MitjaNemec_ReplicateLayout.replicate_layout 888:Replicating footprint: 'D13'
01-09 22:36:18 com_github_MitjaNemec_ReplicateLayout.replicate_layout 835:Src fp.id: '4ABDC8A7-2080-49A4-BC82-3478AA536972'
01-09 22:36:18 com_github_MitjaNemec_ReplicateLayout.replicate_layout 839:Dst fp.id: '4ABDC8A7-2080-49A4-BC82-3478AA536972'
01-09 22:36:18 com_github_MitjaNemec_ReplicateLayout.replicate_layout 895:found match in dst footprint: 'D19'
01-09 22:36:18 com_github_MitjaNemec_ReplicateLayout.replicate_layout 990:Src text UUid:817c4e0d-ab19-4138-b48a-08ae979bee85
01-09 22:36:18 com_github_MitjaNemec_ReplicateLayout.replicate_layout 991:Dst text UUid:3db9e40f-e8cf-43c7-839f-22f8ee30aeec
01-09 22:36:18 com_github_MitjaNemec_ReplicateLayout.replicate_layout 990:Src text UUid:cc6955de-81fc-452d-9212-2e7f5b2e79e2
01-09 22:36:18 com_github_MitjaNemec_ReplicateLayout.replicate_layout 991:Dst text UUid:21142ec7-6ea8-46d0-8776-fa24b207c39b
01-09 22:36:18 com_github_MitjaNemec_ReplicateLayout.replicate_layout 888:Replicating footprint: 'C27'
01-09 22:36:18 com_github_MitjaNemec_ReplicateLayout.replicate_layout 835:Src fp.id: '7EF9F992-CA07-4820-B4C8-12A0753712A9'
01-09 22:36:18 com_github_MitjaNemec_ReplicateLayout.replicate_layout 839:Dst fp.id: '7EF9F992-CA07-4820-B4C8-12A0753712A9'
01-09 22:36:18 com_github_MitjaNemec_ReplicateLayout.replicate_layout 895:found match in dst footprint: 'C39'
01-09 22:36:18 com_github_MitjaNemec_ReplicateLayout.replicate_layout 990:Src text UUid:f733d0f4-2182-4197-929f-7ee8a6e331ff
01-09 22:36:18 com_github_MitjaNemec_ReplicateLayout.replicate_layout 991:Dst text UUid:6a1f000b-cc5a-4c96-ae04-fa9fbd4869e0
01-09 22:36:18 com_github_MitjaNemec_ReplicateLayout.replicate_layout 990:Src text UUid:331c6340-dd2a-4e7a-b28f-eb2524456184
01-09 22:36:18 com_github_MitjaNemec_ReplicateLayout.replicate_layout 991:Dst text UUid:422f0f06-4604-4693-b4aa-17de1f868164
01-09 22:36:18 com_github_MitjaNemec_ReplicateLayout.replicate_layout 888:Replicating footprint: 'C7'
01-09 22:36:18 root 345:updating GUI with: 24
01-09 22:36:18 com_github_MitjaNemec_ReplicateLayout.replicate_layout 835:Src fp.id: '41F46C5D-E9C5-4128-AB75-7623FF012586'
01-09 22:36:18 com_github_MitjaNemec_ReplicateLayout.replicate_layout 839:Dst fp.id: '41F46C5D-E9C5-4128-AB75-7623FF012586'
01-09 22:36:18 com_github_MitjaNemec_ReplicateLayout.replicate_layout 895:found match in dst footprint: 'C8'
01-09 22:36:18 com_github_MitjaNemec_ReplicateLayout.replicate_layout 990:Src text UUid:306c7da1-9ee4-44a4-b53c-b059a89a33e5
01-09 22:36:18 com_github_MitjaNemec_ReplicateLayout.replicate_layout 991:Dst text UUid:a4e02329-88c6-4e29-9646-936472961f02
01-09 22:36:18 com_github_MitjaNemec_ReplicateLayout.replicate_layout 990:Src text UUid:bb8bffa4-7401-4264-86c9-c2fe2b5159e6
01-09 22:36:18 com_github_MitjaNemec_ReplicateLayout.replicate_layout 991:Dst text UUid:93a22684-eb3d-41d5-94e9-276866498ce4
01-09 22:36:18 com_github_MitjaNemec_ReplicateLayout.replicate_layout 888:Replicating footprint: 'D40'
01-09 22:36:18 com_github_MitjaNemec_ReplicateLayout.replicate_layout 835:Src fp.id: '8A60D1E2-4553-412A-A3A5-7C640BFFF8DF'
01-09 22:36:18 com_github_MitjaNemec_ReplicateLayout.replicate_layout 839:Dst fp.id: '8A60D1E2-4553-412A-A3A5-7C640BFFF8DF'
01-09 22:36:18 com_github_MitjaNemec_ReplicateLayout.replicate_layout 895:found match in dst footprint: 'D46'
01-09 22:36:18 com_github_MitjaNemec_ReplicateLayout.replicate_layout 990:Src text UUid:79e422a3-7d37-4b6f-b151-67a96d7513f5
01-09 22:36:18 com_github_MitjaNemec_ReplicateLayout.replicate_layout 991:Dst text UUid:ee870264-7efb-4f51-83dc-4b0fae0e7df1
01-09 22:36:18 com_github_MitjaNemec_ReplicateLayout.replicate_layout 990:Src text UUid:9e1ba20c-d59c-4c01-b0f7-3486d06ec348
01-09 22:36:18 com_github_MitjaNemec_ReplicateLayout.replicate_layout 991:Dst text UUid:1cf8e197-3726-4997-b200-8b2f86c7338a
01-09 22:36:18 com_github_MitjaNemec_ReplicateLayout.replicate_layout 888:Replicating footprint: 'C23'
01-09 22:36:18 com_github_MitjaNemec_ReplicateLayout.replicate_layout 835:Src fp.id: '81BD23F0-40F7-4B6C-817D-AA45C31B3E72'
01-09 22:36:18 com_github_MitjaNemec_ReplicateLayout.replicate_layout 839:Dst fp.id: '81BD23F0-40F7-4B6C-817D-AA45C31B3E72'
01-09 22:36:18 com_github_MitjaNemec_ReplicateLayout.replicate_layout 895:found match in dst footprint: 'C24'
01-09 22:36:18 com_github_MitjaNemec_ReplicateLayout.replicate_layout 990:Src text UUid:b913ef2c-bd6f-4779-9d92-dbb8fe48e165
01-09 22:36:18 com_github_MitjaNemec_ReplicateLayout.replicate_layout 991:Dst text UUid:7c51673e-0635-4315-9e67-6544c2e6e058
01-09 22:36:18 com_github_MitjaNemec_ReplicateLayout.replicate_layout 990:Src text UUid:db9e1200-5bce-465e-8149-3f2bb90e643f
01-09 22:36:18 com_github_MitjaNemec_ReplicateLayout.replicate_layout 991:Dst text UUid:75bc4d0e-264e-4d1a-b55b-e629d260cf3d
01-09 22:36:18 com_github_MitjaNemec_ReplicateLayout.replicate_layout 888:Replicating footprint: 'D7'
01-09 22:36:18 com_github_MitjaNemec_ReplicateLayout.replicate_layout 835:Src fp.id: '3A34F8EB-6197-4DA9-BF40-CACD028791AA'
01-09 22:36:18 com_github_MitjaNemec_ReplicateLayout.replicate_layout 839:Dst fp.id: '3A34F8EB-6197-4DA9-BF40-CACD028791AA'
01-09 22:36:18 com_github_MitjaNemec_ReplicateLayout.replicate_layout 895:found match in dst footprint: 'D8'
01-09 22:36:18 com_github_MitjaNemec_ReplicateLayout.replicate_layout 990:Src text UUid:59167755-279e-4696-93fb-2126fc2cdc8a
01-09 22:36:18 com_github_MitjaNemec_ReplicateLayout.replicate_layout 991:Dst text UUid:6d1e22e9-3ef9-49fd-bb33-6700757ed6d0
01-09 22:36:18 com_github_MitjaNemec_ReplicateLayout.replicate_layout 990:Src text UUid:f2ba6311-3cb6-4c22-a127-e6f8c0ad8baf
01-09 22:36:18 com_github_MitjaNemec_ReplicateLayout.replicate_layout 991:Dst text UUid:7911aeab-0d75-49b3-8f9d-dfdb4826495c
01-09 22:36:18 com_github_MitjaNemec_ReplicateLayout.replicate_layout 888:Replicating footprint: 'LED17'
01-09 22:36:18 com_github_MitjaNemec_ReplicateLayout.replicate_layout 835:Src fp.id: 'B7495A6A-515D-42C6-9292-60BDB2740BBD'
01-09 22:36:18 com_github_MitjaNemec_ReplicateLayout.replicate_layout 839:Dst fp.id: 'B7495A6A-515D-42C6-9292-60BDB2740BBD'
01-09 22:36:18 com_github_MitjaNemec_ReplicateLayout.replicate_layout 895:found match in dst footprint: 'LED18'
01-09 22:36:18 com_github_MitjaNemec_ReplicateLayout.replicate_layout 990:Src text UUid:8e7e2052-1a3f-467f-a1f8-d133329c5a42
01-09 22:36:18 com_github_MitjaNemec_ReplicateLayout.replicate_layout 991:Dst text UUid:caeae855-9ea3-408a-9097-6d06030597a4
01-09 22:36:18 com_github_MitjaNemec_ReplicateLayout.replicate_layout 990:Src text UUid:ef1de6d2-f080-44c7-b3d9-6b1b5dddd8ad
01-09 22:36:18 com_github_MitjaNemec_ReplicateLayout.replicate_layout 991:Dst text UUid:8f0bf6a4-4399-4266-a3fd-b4a0873ec570
01-09 22:36:18 com_github_MitjaNemec_ReplicateLayout.replicate_layout 888:Replicating footprint: 'C28'
01-09 22:36:18 com_github_MitjaNemec_ReplicateLayout.replicate_layout 835:Src fp.id: '4F84C8A7-989A-487C-BAF4-8B19B4CA5D14'
01-09 22:36:18 com_github_MitjaNemec_ReplicateLayout.replicate_layout 839:Dst fp.id: '4F84C8A7-989A-487C-BAF4-8B19B4CA5D14'
01-09 22:36:18 com_github_MitjaNemec_ReplicateLayout.replicate_layout 895:found match in dst footprint: 'C40'
01-09 22:36:18 com_github_MitjaNemec_ReplicateLayout.replicate_layout 990:Src text UUid:1dc286ed-2a11-41b9-bb4a-fe8b1f4f6caf
01-09 22:36:18 com_github_MitjaNemec_ReplicateLayout.replicate_layout 991:Dst text UUid:fd02a9c1-c3c1-470b-8d2e-ca7ec54bdf0a
01-09 22:36:18 com_github_MitjaNemec_ReplicateLayout.replicate_layout 990:Src text UUid:d9679616-8e83-4de0-ae12-a0dde019a88f
01-09 22:36:18 com_github_MitjaNemec_ReplicateLayout.replicate_layout 991:Dst text UUid:c97d349a-0f6f-44ae-b821-d4632142eede
01-09 22:36:18 com_github_MitjaNemec_ReplicateLayout.replicate_layout 888:Replicating footprint: 'C13'
01-09 22:36:18 com_github_MitjaNemec_ReplicateLayout.replicate_layout 835:Src fp.id: 'E4E13B6A-D9A8-4D07-BC22-E48680CA44EE'
01-09 22:36:18 com_github_MitjaNemec_ReplicateLayout.replicate_layout 839:Dst fp.id: 'E4E13B6A-D9A8-4D07-BC22-E48680CA44EE'
01-09 22:36:18 com_github_MitjaNemec_ReplicateLayout.replicate_layout 895:found match in dst footprint: 'C14'
01-09 22:36:18 com_github_MitjaNemec_ReplicateLayout.replicate_layout 990:Src text UUid:7105480a-64d6-4cd6-8dee-fa1db1f57f54
01-09 22:36:18 com_github_MitjaNemec_ReplicateLayout.replicate_layout 991:Dst text UUid:b5846113-a58b-44ad-b151-d1e4091fcc97
01-09 22:36:18 com_github_MitjaNemec_ReplicateLayout.replicate_layout 990:Src text UUid:e629798c-cec7-49db-aabe-c32858ee2f5e
01-09 22:36:18 com_github_MitjaNemec_ReplicateLayout.replicate_layout 991:Dst text UUid:e6ba51fe-fda8-4bd7-869d-ea9e921bdf2c
01-09 22:36:18 com_github_MitjaNemec_ReplicateLayout.replicate_layout 888:Replicating footprint: 'LED57'
01-09 22:36:18 com_github_MitjaNemec_ReplicateLayout.replicate_layout 835:Src fp.id: '40429875-7E9F-4CCC-B58F-95E176E81E9A'
01-09 22:36:18 com_github_MitjaNemec_ReplicateLayout.replicate_layout 839:Dst fp.id: '40429875-7E9F-4CCC-B58F-95E176E81E9A'
01-09 22:36:18 com_github_MitjaNemec_ReplicateLayout.replicate_layout 895:found match in dst footprint: 'LED69'
01-09 22:36:18 com_github_MitjaNemec_ReplicateLayout.replicate_layout 990:Src text UUid:4b99c36e-13b7-43fb-bfb0-1cd3a7e4bac1
01-09 22:36:18 com_github_MitjaNemec_ReplicateLayout.replicate_layout 991:Dst text UUid:11984e3c-d96b-4114-b1bc-8c1fa04e978f
01-09 22:36:18 com_github_MitjaNemec_ReplicateLayout.replicate_layout 990:Src text UUid:bd79ea43-1189-41b8-aae4-b614cd3e17f1
01-09 22:36:18 com_github_MitjaNemec_ReplicateLayout.replicate_layout 991:Dst text UUid:e6e53e34-9155-47eb-a22f-2cdef9f5f900
01-09 22:36:18 com_github_MitjaNemec_ReplicateLayout.replicate_layout 888:Replicating footprint: 'C9'
01-09 22:36:18 com_github_MitjaNemec_ReplicateLayout.replicate_layout 835:Src fp.id: '282D7334-AE3C-43C3-906A-04789384F902'
01-09 22:36:18 com_github_MitjaNemec_ReplicateLayout.replicate_layout 839:Dst fp.id: '282D7334-AE3C-43C3-906A-04789384F902'
01-09 22:36:18 com_github_MitjaNemec_ReplicateLayout.replicate_layout 895:found match in dst footprint: 'C10'
01-09 22:36:18 com_github_MitjaNemec_ReplicateLayout.replicate_layout 990:Src text UUid:d8b1a0d8-91be-444f-94ee-9fbe8a63608e
01-09 22:36:18 com_github_MitjaNemec_ReplicateLayout.replicate_layout 991:Dst text UUid:e88ef5a7-8002-40ad-baf4-cc96dda01ca7
01-09 22:36:18 com_github_MitjaNemec_ReplicateLayout.replicate_layout 990:Src text UUid:88399378-d04a-4217-af26-4071697635db
01-09 22:36:18 com_github_MitjaNemec_ReplicateLayout.replicate_layout 991:Dst text UUid:d0e58d05-8742-4407-9de8-55ea5b2ad1f2
01-09 22:36:18 com_github_MitjaNemec_ReplicateLayout.replicate_layout 888:Replicating footprint: 'U3'
01-09 22:36:18 com_github_MitjaNemec_ReplicateLayout.replicate_layout 835:Src fp.id: '1B8509DA-7459-4646-BD81-3BF46A36CE22'
01-09 22:36:18 com_github_MitjaNemec_ReplicateLayout.replicate_layout 839:Dst fp.id: '1B8509DA-7459-4646-BD81-3BF46A36CE22'
01-09 22:36:18 com_github_MitjaNemec_ReplicateLayout.replicate_layout 895:found match in dst footprint: 'U4'
01-09 22:36:18 com_github_MitjaNemec_ReplicateLayout.replicate_layout 990:Src text UUid:548f97b9-6b96-4e4f-96a5-803ab3bd18c1
01-09 22:36:18 com_github_MitjaNemec_ReplicateLayout.replicate_layout 991:Dst text UUid:e9de192d-89af-4dff-8ed3-469cf207558c
01-09 22:36:18 com_github_MitjaNemec_ReplicateLayout.replicate_layout 990:Src text UUid:a7f52a13-c977-4be7-af3e-f87d09433a7b
01-09 22:36:18 com_github_MitjaNemec_ReplicateLayout.replicate_layout 991:Dst text UUid:dff98cbf-68a9-406a-8223-230cccc99fbc
01-09 22:36:18 com_github_MitjaNemec_ReplicateLayout.replicate_layout 888:Replicating footprint: 'D30'
01-09 22:36:18 com_github_MitjaNemec_ReplicateLayout.replicate_layout 835:Src fp.id: '49DD2BE9-67C6-4C16-876B-8AB0B2519798'
01-09 22:36:18 com_github_MitjaNemec_ReplicateLayout.replicate_layout 839:Dst fp.id: '49DD2BE9-67C6-4C16-876B-8AB0B2519798'
01-09 22:36:18 com_github_MitjaNemec_ReplicateLayout.replicate_layout 895:found match in dst footprint: 'D36'
01-09 22:36:18 com_github_MitjaNemec_ReplicateLayout.replicate_layout 990:Src text UUid:c1af023f-2030-4447-b146-b4f88dd08b4e
01-09 22:36:18 com_github_MitjaNemec_ReplicateLayout.replicate_layout 991:Dst text UUid:30c02142-26d9-4907-ad13-15a9d2b5f664
01-09 22:36:18 com_github_MitjaNemec_ReplicateLayout.replicate_layout 990:Src text UUid:bcaeca55-cfbd-4d2d-b525-19874fd6ad7d
01-09 22:36:18 com_github_MitjaNemec_ReplicateLayout.replicate_layout 991:Dst text UUid:616a001e-acd3-4269-a497-0b34f93b9629
01-09 22:36:18 com_github_MitjaNemec_ReplicateLayout.replicate_layout 888:Replicating footprint: 'D26'
01-09 22:36:18 com_github_MitjaNemec_ReplicateLayout.replicate_layout 835:Src fp.id: 'CAFCC054-8789-444A-80C6-BCCE4B4EFFE0'
01-09 22:36:18 com_github_MitjaNemec_ReplicateLayout.replicate_layout 839:Dst fp.id: 'CAFCC054-8789-444A-80C6-BCCE4B4EFFE0'
01-09 22:36:18 com_github_MitjaNemec_ReplicateLayout.replicate_layout 895:found match in dst footprint: 'D32'
01-09 22:36:18 com_github_MitjaNemec_ReplicateLayout.replicate_layout 990:Src text UUid:0c24bc2c-26d3-41b8-90e6-10e7b5ca031c
01-09 22:36:18 com_github_MitjaNemec_ReplicateLayout.replicate_layout 991:Dst text UUid:0f7d11c1-7f82-4014-8fcb-15094f94cd98
01-09 22:36:18 com_github_MitjaNemec_ReplicateLayout.replicate_layout 990:Src text UUid:141000cf-9eb5-41ce-aa88-29fc62197699
01-09 22:36:18 com_github_MitjaNemec_ReplicateLayout.replicate_layout 991:Dst text UUid:5f902929-5e3b-4c06-bbef-23e7f4187369
01-09 22:36:18 com_github_MitjaNemec_ReplicateLayout.replicate_layout 888:Replicating footprint: 'D42'
01-09 22:36:18 com_github_MitjaNemec_ReplicateLayout.replicate_layout 835:Src fp.id: '674AF327-7649-467F-9B5C-E14F46978371'
01-09 22:36:18 com_github_MitjaNemec_ReplicateLayout.replicate_layout 839:Dst fp.id: '674AF327-7649-467F-9B5C-E14F46978371'
01-09 22:36:18 com_github_MitjaNemec_ReplicateLayout.replicate_layout 895:found match in dst footprint: 'D48'
01-09 22:36:18 com_github_MitjaNemec_ReplicateLayout.replicate_layout 990:Src text UUid:9cea7966-1a17-446f-b2f3-173bbbf4f340
01-09 22:36:18 com_github_MitjaNemec_ReplicateLayout.replicate_layout 991:Dst text UUid:8933224b-d723-48fd-b2ee-f987a14d4791
01-09 22:36:18 com_github_MitjaNemec_ReplicateLayout.replicate_layout 990:Src text UUid:fc6c671e-b0e3-466f-b1f3-0bd451cca2ba
01-09 22:36:18 com_github_MitjaNemec_ReplicateLayout.replicate_layout 991:Dst text UUid:34ba79c2-f16e-4d6e-babc-01ec910bcfd3
01-09 22:36:18 com_github_MitjaNemec_ReplicateLayout.replicate_layout 888:Replicating footprint: 'D14'
01-09 22:36:18 com_github_MitjaNemec_ReplicateLayout.replicate_layout 835:Src fp.id: '5ECC1A65-D781-4797-8547-B6568DD69B87'
01-09 22:36:18 com_github_MitjaNemec_ReplicateLayout.replicate_layout 839:Dst fp.id: '5ECC1A65-D781-4797-8547-B6568DD69B87'
01-09 22:36:18 com_github_MitjaNemec_ReplicateLayout.replicate_layout 895:found match in dst footprint: 'D20'
01-09 22:36:18 com_github_MitjaNemec_ReplicateLayout.replicate_layout 990:Src text UUid:96f823fd-ed98-472c-9ec7-67d1b8afec80
01-09 22:36:18 com_github_MitjaNemec_ReplicateLayout.replicate_layout 991:Dst text UUid:0ac82402-8574-44ee-a708-5e02a1ce3e7d
01-09 22:36:18 com_github_MitjaNemec_ReplicateLayout.replicate_layout 990:Src text UUid:223c1c6e-4cfc-4106-a66d-771aa0b84d90
01-09 22:36:18 com_github_MitjaNemec_ReplicateLayout.replicate_layout 991:Dst text UUid:ca4780e1-dbe6-4e28-b25b-eccbc6135982
01-09 22:36:18 com_github_MitjaNemec_ReplicateLayout.replicate_layout 888:Replicating footprint: 'LED23'
01-09 22:36:18 com_github_MitjaNemec_ReplicateLayout.replicate_layout 835:Src fp.id: 'A2892479-74AC-49AD-97D2-2C5CE862ED06'
01-09 22:36:18 com_github_MitjaNemec_ReplicateLayout.replicate_layout 839:Dst fp.id: 'A2892479-74AC-49AD-97D2-2C5CE862ED06'
01-09 22:36:18 com_github_MitjaNemec_ReplicateLayout.replicate_layout 895:found match in dst footprint: 'LED24'
01-09 22:36:18 com_github_MitjaNemec_ReplicateLayout.replicate_layout 990:Src text UUid:e75435c8-d042-484e-9108-0b37e82346e7
01-09 22:36:18 com_github_MitjaNemec_ReplicateLayout.replicate_layout 991:Dst text UUid:8c97e83b-03ba-42aa-bf42-74141b74eaca
01-09 22:36:18 com_github_MitjaNemec_ReplicateLayout.replicate_layout 990:Src text UUid:0031ad71-07a2-4204-8386-3f7fee776a7e
01-09 22:36:18 com_github_MitjaNemec_ReplicateLayout.replicate_layout 991:Dst text UUid:e180104d-2ef9-4283-8602-78ded64cae50
01-09 22:36:18 com_github_MitjaNemec_ReplicateLayout.replicate_layout 888:Replicating footprint: 'C19'
01-09 22:36:18 com_github_MitjaNemec_ReplicateLayout.replicate_layout 835:Src fp.id: 'DD6A4AE9-A94D-4EF4-BC2B-905F31EFF7C0'
01-09 22:36:18 com_github_MitjaNemec_ReplicateLayout.replicate_layout 839:Dst fp.id: 'DD6A4AE9-A94D-4EF4-BC2B-905F31EFF7C0'
01-09 22:36:18 com_github_MitjaNemec_ReplicateLayout.replicate_layout 895:found match in dst footprint: 'C20'
01-09 22:36:18 com_github_MitjaNemec_ReplicateLayout.replicate_layout 990:Src text UUid:c4d8c236-f524-4876-979c-f36d42763537
01-09 22:36:18 com_github_MitjaNemec_ReplicateLayout.replicate_layout 991:Dst text UUid:3ab0a206-9459-414a-842e-a77373eb013b
01-09 22:36:18 com_github_MitjaNemec_ReplicateLayout.replicate_layout 990:Src text UUid:a083057f-e804-40a8-a25d-267ad76e3e61
01-09 22:36:18 com_github_MitjaNemec_ReplicateLayout.replicate_layout 991:Dst text UUid:06c9fcda-50e0-472e-803d-bf4952ae6102
01-09 22:36:18 com_github_MitjaNemec_ReplicateLayout.replicate_layout 888:Replicating footprint: 'D41'
01-09 22:36:18 com_github_MitjaNemec_ReplicateLayout.replicate_layout 835:Src fp.id: '0F3D2BF1-645D-4635-98BF-C0097F001FB9'
01-09 22:36:18 com_github_MitjaNemec_ReplicateLayout.replicate_layout 839:Dst fp.id: '0F3D2BF1-645D-4635-98BF-C0097F001FB9'
01-09 22:36:18 com_github_MitjaNemec_ReplicateLayout.replicate_layout 895:found match in dst footprint: 'D47'
01-09 22:36:18 com_github_MitjaNemec_ReplicateLayout.replicate_layout 990:Src text UUid:6bfd4f1d-7cb3-4a96-80cb-8fbd00c2da58
01-09 22:36:18 com_github_MitjaNemec_ReplicateLayout.replicate_layout 991:Dst text UUid:8dd4c407-359a-4acb-89a3-c0577ab0a75b
01-09 22:36:18 com_github_MitjaNemec_ReplicateLayout.replicate_layout 990:Src text UUid:41edda2b-4870-4c5b-8e49-84b90a2a429d
01-09 22:36:18 com_github_MitjaNemec_ReplicateLayout.replicate_layout 991:Dst text UUid:3eaa22c3-d2a0-44dd-b7b9-a74941cfa701
01-09 22:36:18 com_github_MitjaNemec_ReplicateLayout.replicate_layout 888:Replicating footprint: 'D17'
01-09 22:36:18 com_github_MitjaNemec_ReplicateLayout.replicate_layout 835:Src fp.id: '34C8B307-5A93-4BD3-B741-5378B825C27A'
01-09 22:36:18 com_github_MitjaNemec_ReplicateLayout.replicate_layout 839:Dst fp.id: '34C8B307-5A93-4BD3-B741-5378B825C27A'
01-09 22:36:18 com_github_MitjaNemec_ReplicateLayout.replicate_layout 895:found match in dst footprint: 'D23'
01-09 22:36:18 com_github_MitjaNemec_ReplicateLayout.replicate_layout 990:Src text UUid:ad3867b7-c0fa-4bb5-a3bb-4d6389dc2164
01-09 22:36:18 com_github_MitjaNemec_ReplicateLayout.replicate_layout 991:Dst text UUid:04d774c8-9b95-4538-995e-852ff4e10d68
01-09 22:36:18 com_github_MitjaNemec_ReplicateLayout.replicate_layout 990:Src text UUid:8cef233b-247c-4799-a9d6-59c3e1720484
01-09 22:36:18 com_github_MitjaNemec_ReplicateLayout.replicate_layout 991:Dst text UUid:e66d1576-2f28-434d-97d5-9e5a9bfec1ad
01-09 22:36:18 com_github_MitjaNemec_ReplicateLayout.replicate_layout 888:Replicating footprint: 'D38'
01-09 22:36:18 com_github_MitjaNemec_ReplicateLayout.replicate_layout 835:Src fp.id: 'BB2ADA0F-1DBD-41D7-970A-8308C8FA2C0E'
01-09 22:36:18 com_github_MitjaNemec_ReplicateLayout.replicate_layout 839:Dst fp.id: 'BB2ADA0F-1DBD-41D7-970A-8308C8FA2C0E'
01-09 22:36:18 com_github_MitjaNemec_ReplicateLayout.replicate_layout 895:found match in dst footprint: 'D44'
01-09 22:36:18 com_github_MitjaNemec_ReplicateLayout.replicate_layout 990:Src text UUid:2c574821-5651-405f-a2d1-cbd05fb7b707
01-09 22:36:18 com_github_MitjaNemec_ReplicateLayout.replicate_layout 991:Dst text UUid:3d0b6dd4-c59f-43cf-be7f-15c627f45742
01-09 22:36:18 com_github_MitjaNemec_ReplicateLayout.replicate_layout 990:Src text UUid:5ad1a2cc-5c5f-4f52-8a0b-29640c54015f
01-09 22:36:18 com_github_MitjaNemec_ReplicateLayout.replicate_layout 991:Dst text UUid:daefc81b-befc-43fd-9921-afd9d1f69f0f
01-09 22:36:18 com_github_MitjaNemec_ReplicateLayout.replicate_layout 888:Replicating footprint: 'D11'
01-09 22:36:18 com_github_MitjaNemec_ReplicateLayout.replicate_layout 835:Src fp.id: '22C5784C-6EAA-44A5-9767-685956BC6FFB'
01-09 22:36:18 com_github_MitjaNemec_ReplicateLayout.replicate_layout 839:Dst fp.id: '22C5784C-6EAA-44A5-9767-685956BC6FFB'
01-09 22:36:18 com_github_MitjaNemec_ReplicateLayout.replicate_layout 895:found match in dst footprint: 'D12'
01-09 22:36:18 com_github_MitjaNemec_ReplicateLayout.replicate_layout 990:Src text UUid:e451d652-1187-49e5-aecd-0eddc7e78bb0
01-09 22:36:18 com_github_MitjaNemec_ReplicateLayout.replicate_layout 991:Dst text UUid:24504f92-d272-4900-adcf-e0e61261be84
01-09 22:36:18 com_github_MitjaNemec_ReplicateLayout.replicate_layout 990:Src text UUid:4e414057-33ea-455e-baba-30799a0e9e46
01-09 22:36:18 com_github_MitjaNemec_ReplicateLayout.replicate_layout 991:Dst text UUid:709d2af8-376b-45ed-ac05-c81976018a02
01-09 22:36:18 com_github_MitjaNemec_ReplicateLayout.replicate_layout 888:Replicating footprint: 'LED13'
01-09 22:36:18 com_github_MitjaNemec_ReplicateLayout.replicate_layout 835:Src fp.id: '556DEA59-1FEC-48AF-9E0B-8456DE9108AF'
01-09 22:36:18 com_github_MitjaNemec_ReplicateLayout.replicate_layout 839:Dst fp.id: '556DEA59-1FEC-48AF-9E0B-8456DE9108AF'
01-09 22:36:18 com_github_MitjaNemec_ReplicateLayout.replicate_layout 895:found match in dst footprint: 'LED14'
01-09 22:36:18 com_github_MitjaNemec_ReplicateLayout.replicate_layout 990:Src text UUid:c9f8081c-a511-40cd-901f-ddab321e57e3
01-09 22:36:18 com_github_MitjaNemec_ReplicateLayout.replicate_layout 991:Dst text UUid:a3d8a1f4-1f89-4ee4-9674-9b9c4fa1bee3
01-09 22:36:18 com_github_MitjaNemec_ReplicateLayout.replicate_layout 990:Src text UUid:f05c27f4-5ea3-41b3-bb53-8a09bbd7afe1
01-09 22:36:18 com_github_MitjaNemec_ReplicateLayout.replicate_layout 991:Dst text UUid:75878441-bee7-4d2f-b0d1-d298dc414fec
01-09 22:36:18 com_github_MitjaNemec_ReplicateLayout.replicate_layout 888:Replicating footprint: 'D16'
01-09 22:36:18 com_github_MitjaNemec_ReplicateLayout.replicate_layout 835:Src fp.id: '5B617B5D-8CB4-483D-ACA3-D1E906E6BACA'
01-09 22:36:18 com_github_MitjaNemec_ReplicateLayout.replicate_layout 839:Dst fp.id: '5B617B5D-8CB4-483D-ACA3-D1E906E6BACA'
01-09 22:36:18 com_github_MitjaNemec_ReplicateLayout.replicate_layout 895:found match in dst footprint: 'D22'
01-09 22:36:18 com_github_MitjaNemec_ReplicateLayout.replicate_layout 990:Src text UUid:d123da1a-8d7a-4044-9c9a-ba5a781a4f53
01-09 22:36:18 com_github_MitjaNemec_ReplicateLayout.replicate_layout 991:Dst text UUid:da71b9ab-692e-4635-93bf-b850c2f912a5
01-09 22:36:18 com_github_MitjaNemec_ReplicateLayout.replicate_layout 990:Src text UUid:32865e97-351b-4d28-8e70-3bca370464d6
01-09 22:36:18 com_github_MitjaNemec_ReplicateLayout.replicate_layout 991:Dst text UUid:18b3f36b-b330-4ba9-8fea-678b2597dc1d
01-09 22:36:18 com_github_MitjaNemec_ReplicateLayout.replicate_layout 888:Replicating footprint: 'D29'
01-09 22:36:18 com_github_MitjaNemec_ReplicateLayout.replicate_layout 835:Src fp.id: '88525004-CA05-4505-858B-2F11364C0A92'
01-09 22:36:18 com_github_MitjaNemec_ReplicateLayout.replicate_layout 839:Dst fp.id: '88525004-CA05-4505-858B-2F11364C0A92'
01-09 22:36:18 com_github_MitjaNemec_ReplicateLayout.replicate_layout 895:found match in dst footprint: 'D35'
01-09 22:36:18 com_github_MitjaNemec_ReplicateLayout.replicate_layout 990:Src text UUid:cbf220a7-ebaa-4a21-8a0f-fd16d7776651
01-09 22:36:18 com_github_MitjaNemec_ReplicateLayout.replicate_layout 991:Dst text UUid:208d6ab0-85b3-4190-8a0b-61d75d7598cb
01-09 22:36:18 com_github_MitjaNemec_ReplicateLayout.replicate_layout 990:Src text UUid:8eb37dc2-21ae-46ed-93da-c087fd9a719c
01-09 22:36:18 com_github_MitjaNemec_ReplicateLayout.replicate_layout 991:Dst text UUid:82d423ec-fe30-44bd-bc57-b5a90e4ca0b9
01-09 22:36:18 com_github_MitjaNemec_ReplicateLayout.replicate_layout 888:Replicating footprint: 'LED30'
01-09 22:36:18 com_github_MitjaNemec_ReplicateLayout.replicate_layout 835:Src fp.id: 'BB819A3A-A5F6-4B18-ADAA-147138D54AE2'
01-09 22:36:18 com_github_MitjaNemec_ReplicateLayout.replicate_layout 839:Dst fp.id: 'BB819A3A-A5F6-4B18-ADAA-147138D54AE2'
01-09 22:36:18 com_github_MitjaNemec_ReplicateLayout.replicate_layout 895:found match in dst footprint: 'LED42'
01-09 22:36:18 com_github_MitjaNemec_ReplicateLayout.replicate_layout 990:Src text UUid:cb3a12ab-f578-44ee-8842-5875f98d16ec
01-09 22:36:18 com_github_MitjaNemec_ReplicateLayout.replicate_layout 991:Dst text UUid:5cbbd008-251a-4e2e-8db8-f4f934fc0fdf
01-09 22:36:18 com_github_MitjaNemec_ReplicateLayout.replicate_layout 990:Src text UUid:7b0aa550-32f9-4ffe-8ead-6838807da7e6
01-09 22:36:18 com_github_MitjaNemec_ReplicateLayout.replicate_layout 991:Dst text UUid:a059ef4c-b168-4b6a-9f09-5ead94220ef8
01-09 22:36:18 com_github_MitjaNemec_ReplicateLayout.replicate_layout 888:Replicating footprint: 'LED36'
01-09 22:36:18 com_github_MitjaNemec_ReplicateLayout.replicate_layout 835:Src fp.id: '5D009614-C828-4208-88BD-BC3B31F0DBAE'
01-09 22:36:18 com_github_MitjaNemec_ReplicateLayout.replicate_layout 839:Dst fp.id: '5D009614-C828-4208-88BD-BC3B31F0DBAE'
01-09 22:36:18 com_github_MitjaNemec_ReplicateLayout.replicate_layout 895:found match in dst footprint: 'LED48'
01-09 22:36:18 com_github_MitjaNemec_ReplicateLayout.replicate_layout 990:Src text UUid:7a37f5ef-518b-4462-9871-2815eec4a186
01-09 22:36:18 com_github_MitjaNemec_ReplicateLayout.replicate_layout 991:Dst text UUid:fdd8dffe-6b8e-48a5-8310-ffa48d8c4660
01-09 22:36:18 com_github_MitjaNemec_ReplicateLayout.replicate_layout 990:Src text UUid:255a3dde-d8e3-4567-b8cb-16121cfdf224
01-09 22:36:18 com_github_MitjaNemec_ReplicateLayout.replicate_layout 991:Dst text UUid:a7e98de0-3ec3-49e5-ba79-4564d402a0e3
01-09 22:36:18 com_github_MitjaNemec_ReplicateLayout.replicate_layout 888:Replicating footprint: 'C5'
01-09 22:36:18 com_github_MitjaNemec_ReplicateLayout.replicate_layout 835:Src fp.id: 'E8FAE1B1-4147-4932-9C12-BB4D65C7901C'
01-09 22:36:18 com_github_MitjaNemec_ReplicateLayout.replicate_layout 839:Dst fp.id: 'E8FAE1B1-4147-4932-9C12-BB4D65C7901C'
01-09 22:36:18 com_github_MitjaNemec_ReplicateLayout.replicate_layout 895:found match in dst footprint: 'C6'
01-09 22:36:18 com_github_MitjaNemec_ReplicateLayout.replicate_layout 990:Src text UUid:41b3dffd-e200-4c75-b417-b4fe5fd9b614
01-09 22:36:18 com_github_MitjaNemec_ReplicateLayout.replicate_layout 991:Dst text UUid:61b56f9c-4b5b-4fad-bb58-144e26b337c5
01-09 22:36:18 com_github_MitjaNemec_ReplicateLayout.replicate_layout 990:Src text UUid:efa3d830-5654-4e8b-9b2c-c7a3dad7da3d
01-09 22:36:18 com_github_MitjaNemec_ReplicateLayout.replicate_layout 991:Dst text UUid:7623a74e-3d42-48bc-87bb-88a58ef0d647
01-09 22:36:18 com_github_MitjaNemec_ReplicateLayout.replicate_layout 888:Replicating footprint: 'C11'
01-09 22:36:18 com_github_MitjaNemec_ReplicateLayout.replicate_layout 835:Src fp.id: '9D2B65EC-1230-475D-862D-795A835A00B3'
01-09 22:36:18 com_github_MitjaNemec_ReplicateLayout.replicate_layout 839:Dst fp.id: '9D2B65EC-1230-475D-862D-795A835A00B3'
01-09 22:36:18 com_github_MitjaNemec_ReplicateLayout.replicate_layout 895:found match in dst footprint: 'C12'
01-09 22:36:18 com_github_MitjaNemec_ReplicateLayout.replicate_layout 990:Src text UUid:3ed82d06-af38-49e2-9556-279d3cb2d342
01-09 22:36:18 com_github_MitjaNemec_ReplicateLayout.replicate_layout 991:Dst text UUid:5a837de3-7595-4efe-a613-4beb6b37bf74
01-09 22:36:18 com_github_MitjaNemec_ReplicateLayout.replicate_layout 990:Src text UUid:eee65a66-f254-400f-af96-10f6637c029c
01-09 22:36:18 com_github_MitjaNemec_ReplicateLayout.replicate_layout 991:Dst text UUid:c89108ff-e751-4608-b264-7ea2440d27a5
01-09 22:36:18 com_github_MitjaNemec_ReplicateLayout.replicate_layout 888:Replicating footprint: 'LED5'
01-09 22:36:18 com_github_MitjaNemec_ReplicateLayout.replicate_layout 835:Src fp.id: 'AAED0A69-60BE-4C89-8853-0E16571CA0C1'
01-09 22:36:18 com_github_MitjaNemec_ReplicateLayout.replicate_layout 839:Dst fp.id: 'AAED0A69-60BE-4C89-8853-0E16571CA0C1'
01-09 22:36:18 com_github_MitjaNemec_ReplicateLayout.replicate_layout 895:found match in dst footprint: 'LED6'
01-09 22:36:18 com_github_MitjaNemec_ReplicateLayout.replicate_layout 990:Src text UUid:127d8a6d-2f75-45be-8acf-c8bdde13240d
01-09 22:36:18 com_github_MitjaNemec_ReplicateLayout.replicate_layout 991:Dst text UUid:320f88dc-f04b-4651-9b26-4638d244b4c6
01-09 22:36:18 com_github_MitjaNemec_ReplicateLayout.replicate_layout 990:Src text UUid:047ec8ae-4de7-4685-ac84-7cba98dc7dd7
01-09 22:36:18 com_github_MitjaNemec_ReplicateLayout.replicate_layout 991:Dst text UUid:f88c0a62-4f7c-4707-a0fc-9ffd275b4e67
01-09 22:36:18 com_github_MitjaNemec_ReplicateLayout.replicate_layout 888:Replicating footprint: 'D1'
01-09 22:36:18 com_github_MitjaNemec_ReplicateLayout.replicate_layout 835:Src fp.id: 'E35B2F86-954B-4C12-A63D-8F9A5EC61BF0'
01-09 22:36:18 com_github_MitjaNemec_ReplicateLayout.replicate_layout 839:Dst fp.id: 'E35B2F86-954B-4C12-A63D-8F9A5EC61BF0'
01-09 22:36:18 com_github_MitjaNemec_ReplicateLayout.replicate_layout 895:found match in dst footprint: 'D2'
01-09 22:36:18 com_github_MitjaNemec_ReplicateLayout.replicate_layout 990:Src text UUid:c01ae559-7466-4296-934f-3eea4b30d0a7
01-09 22:36:18 com_github_MitjaNemec_ReplicateLayout.replicate_layout 991:Dst text UUid:9eab9819-4ef6-4e04-befb-7caa61f41113
01-09 22:36:18 com_github_MitjaNemec_ReplicateLayout.replicate_layout 990:Src text UUid:4f519cf2-5740-402c-945e-62259df4e89c
01-09 22:36:18 com_github_MitjaNemec_ReplicateLayout.replicate_layout 991:Dst text UUid:6a21a8f6-cffe-438f-8005-e21519fbc868
01-09 22:36:18 com_github_MitjaNemec_ReplicateLayout.replicate_layout 888:Replicating footprint: 'LED25'
01-09 22:36:18 com_github_MitjaNemec_ReplicateLayout.replicate_layout 835:Src fp.id: '3739B266-8407-4ED9-8CB1-64F166594594'
01-09 22:36:18 com_github_MitjaNemec_ReplicateLayout.replicate_layout 839:Dst fp.id: '3739B266-8407-4ED9-8CB1-64F166594594'
01-09 22:36:18 com_github_MitjaNemec_ReplicateLayout.replicate_layout 895:found match in dst footprint: 'LED26'
01-09 22:36:18 com_github_MitjaNemec_ReplicateLayout.replicate_layout 990:Src text UUid:5a9cbdc4-9c5e-48b4-a246-9f0297a2bb59
01-09 22:36:18 com_github_MitjaNemec_ReplicateLayout.replicate_layout 991:Dst text UUid:814e70c2-0576-4235-ada3-156d287714c2
01-09 22:36:18 com_github_MitjaNemec_ReplicateLayout.replicate_layout 990:Src text UUid:72c88e91-8a24-48d9-9449-0061846a7c3c
01-09 22:36:18 com_github_MitjaNemec_ReplicateLayout.replicate_layout 991:Dst text UUid:51d22877-acf2-46a2-a88a-fac4e8c619a7
01-09 22:36:18 com_github_MitjaNemec_ReplicateLayout.replicate_layout 888:Replicating footprint: 'LED11'
01-09 22:36:18 com_github_MitjaNemec_ReplicateLayout.replicate_layout 835:Src fp.id: '460DA6DA-C934-46A5-9CBB-54F8EFF910DE'
01-09 22:36:18 com_github_MitjaNemec_ReplicateLayout.replicate_layout 839:Dst fp.id: '460DA6DA-C934-46A5-9CBB-54F8EFF910DE'
01-09 22:36:18 com_github_MitjaNemec_ReplicateLayout.replicate_layout 895:found match in dst footprint: 'LED12'
01-09 22:36:18 com_github_MitjaNemec_ReplicateLayout.replicate_layout 990:Src text UUid:8e126ef5-4968-4419-afcf-ab6c59760fee
01-09 22:36:18 com_github_MitjaNemec_ReplicateLayout.replicate_layout 991:Dst text UUid:64251e70-49b2-49a6-9f23-dd5704d01031
01-09 22:36:18 com_github_MitjaNemec_ReplicateLayout.replicate_layout 990:Src text UUid:b23f34d5-5ba0-44b7-bcf2-7061226a40e1
01-09 22:36:18 com_github_MitjaNemec_ReplicateLayout.replicate_layout 991:Dst text UUid:bd725288-db7f-4a74-8322-79f01e526b02
01-09 22:36:18 com_github_MitjaNemec_ReplicateLayout.replicate_layout 888:Replicating footprint: 'LED53'
01-09 22:36:18 com_github_MitjaNemec_ReplicateLayout.replicate_layout 835:Src fp.id: '37E64394-B71D-4960-8AFA-14CD11A39CA3'
01-09 22:36:18 com_github_MitjaNemec_ReplicateLayout.replicate_layout 839:Dst fp.id: '37E64394-B71D-4960-8AFA-14CD11A39CA3'
01-09 22:36:18 com_github_MitjaNemec_ReplicateLayout.replicate_layout 895:found match in dst footprint: 'LED65'
01-09 22:36:18 com_github_MitjaNemec_ReplicateLayout.replicate_layout 990:Src text UUid:f29d5913-4724-4ed1-95e9-c2354ead8f45
01-09 22:36:18 com_github_MitjaNemec_ReplicateLayout.replicate_layout 991:Dst text UUid:b7eb6d41-bb1d-431f-8d22-f915d1c0a08a
01-09 22:36:18 com_github_MitjaNemec_ReplicateLayout.replicate_layout 990:Src text UUid:69608042-2000-4b11-a734-fe0120d6703e
01-09 22:36:18 com_github_MitjaNemec_ReplicateLayout.replicate_layout 991:Dst text UUid:13990c93-71de-47ad-a428-2b404c5d17ae
01-09 22:36:18 com_github_MitjaNemec_ReplicateLayout.replicate_layout 888:Replicating footprint: 'LED37'
01-09 22:36:18 com_github_MitjaNemec_ReplicateLayout.replicate_layout 835:Src fp.id: 'A9E7224A-5931-492E-9EA9-6C22D1CD9CAF'
01-09 22:36:18 com_github_MitjaNemec_ReplicateLayout.replicate_layout 839:Dst fp.id: 'A9E7224A-5931-492E-9EA9-6C22D1CD9CAF'
01-09 22:36:18 com_github_MitjaNemec_ReplicateLayout.replicate_layout 895:found match in dst footprint: 'LED49'
01-09 22:36:18 com_github_MitjaNemec_ReplicateLayout.replicate_layout 990:Src text UUid:5fd91874-f9d8-4b93-8ded-923ca96ba87c
01-09 22:36:18 com_github_MitjaNemec_ReplicateLayout.replicate_layout 991:Dst text UUid:5225e353-86b4-4b07-9ebf-763ad2f301c8
01-09 22:36:18 com_github_MitjaNemec_ReplicateLayout.replicate_layout 990:Src text UUid:57fb11d2-05a4-4c68-b9f9-30c2f6636ec8
01-09 22:36:18 com_github_MitjaNemec_ReplicateLayout.replicate_layout 991:Dst text UUid:7e89c3cc-857d-4cac-a56f-a54257db65a0
01-09 22:36:18 com_github_MitjaNemec_ReplicateLayout.replicate_layout 888:Replicating footprint: 'LED9'
01-09 22:36:18 com_github_MitjaNemec_ReplicateLayout.replicate_layout 835:Src fp.id: '29D580C8-B341-4048-B69E-4E5F943406AC'
01-09 22:36:18 com_github_MitjaNemec_ReplicateLayout.replicate_layout 839:Dst fp.id: '29D580C8-B341-4048-B69E-4E5F943406AC'
01-09 22:36:18 com_github_MitjaNemec_ReplicateLayout.replicate_layout 895:found match in dst footprint: 'LED10'
01-09 22:36:18 com_github_MitjaNemec_ReplicateLayout.replicate_layout 990:Src text UUid:b858e7a7-eed5-4372-84bb-a2b9c4a827ce
01-09 22:36:18 com_github_MitjaNemec_ReplicateLayout.replicate_layout 991:Dst text UUid:9221f7af-a28c-4074-982b-a95178bf4433
01-09 22:36:18 com_github_MitjaNemec_ReplicateLayout.replicate_layout 990:Src text UUid:0dcea59b-7498-4fc6-a8ab-1ad1bd3d7e49
01-09 22:36:18 com_github_MitjaNemec_ReplicateLayout.replicate_layout 991:Dst text UUid:a7d821bc-cace-4632-aaab-887c802add34
01-09 22:36:18 com_github_MitjaNemec_ReplicateLayout.replicate_layout 888:Replicating footprint: 'C54'
01-09 22:36:18 com_github_MitjaNemec_ReplicateLayout.replicate_layout 835:Src fp.id: 'A204975C-12CA-47FB-BF3B-3615F42EDB95'
01-09 22:36:18 com_github_MitjaNemec_ReplicateLayout.replicate_layout 839:Dst fp.id: 'A204975C-12CA-47FB-BF3B-3615F42EDB95'
01-09 22:36:18 com_github_MitjaNemec_ReplicateLayout.replicate_layout 895:found match in dst footprint: 'C66'
01-09 22:36:18 com_github_MitjaNemec_ReplicateLayout.replicate_layout 990:Src text UUid:b82f776d-8c64-4606-b98a-64de6da55bab
01-09 22:36:18 com_github_MitjaNemec_ReplicateLayout.replicate_layout 991:Dst text UUid:cd8ad8b0-3b67-49d4-85bc-3bd0852a8609
01-09 22:36:18 com_github_MitjaNemec_ReplicateLayout.replicate_layout 990:Src text UUid:8e870fe0-5d8a-48b9-ae85-4336afcfaf01
01-09 22:36:18 com_github_MitjaNemec_ReplicateLayout.replicate_layout 991:Dst text UUid:333fec4b-ac8d-4760-aaab-aca9abf10396
01-09 22:36:18 com_github_MitjaNemec_ReplicateLayout.replicate_layout 888:Replicating footprint: 'LED55'
01-09 22:36:18 com_github_MitjaNemec_ReplicateLayout.replicate_layout 835:Src fp.id: '13DA714D-5161-4A01-B818-9801680FC111'
01-09 22:36:18 com_github_MitjaNemec_ReplicateLayout.replicate_layout 839:Dst fp.id: '13DA714D-5161-4A01-B818-9801680FC111'
01-09 22:36:18 com_github_MitjaNemec_ReplicateLayout.replicate_layout 895:found match in dst footprint: 'LED67'
01-09 22:36:18 com_github_MitjaNemec_ReplicateLayout.replicate_layout 990:Src text UUid:d14b67a6-0963-486b-b1d0-a2a6c0eec564
01-09 22:36:18 com_github_MitjaNemec_ReplicateLayout.replicate_layout 991:Dst text UUid:1d19a0ae-69d1-4644-b7db-4dd2768fac6c
01-09 22:36:18 com_github_MitjaNemec_ReplicateLayout.replicate_layout 990:Src text UUid:f71db3a8-1fb5-4df3-ac2d-44aa3ab64227
01-09 22:36:18 com_github_MitjaNemec_ReplicateLayout.replicate_layout 991:Dst text UUid:728e7ee1-ab43-4cfc-a31a-988d26a3d47d
01-09 22:36:18 com_github_MitjaNemec_ReplicateLayout.replicate_layout 888:Replicating footprint: 'LED38'
01-09 22:36:18 com_github_MitjaNemec_ReplicateLayout.replicate_layout 835:Src fp.id: 'C7630A37-6A09-4B44-A018-1912D5227887'
01-09 22:36:18 com_github_MitjaNemec_ReplicateLayout.replicate_layout 839:Dst fp.id: 'C7630A37-6A09-4B44-A018-1912D5227887'
01-09 22:36:18 com_github_MitjaNemec_ReplicateLayout.replicate_layout 895:found match in dst footprint: 'LED50'
01-09 22:36:18 com_github_MitjaNemec_ReplicateLayout.replicate_layout 990:Src text UUid:3e31a1c9-7c42-4abc-91f6-05f7df827bc0
01-09 22:36:18 com_github_MitjaNemec_ReplicateLayout.replicate_layout 991:Dst text UUid:fabd058b-f5c5-4b2e-85e5-d9085225f1a6
01-09 22:36:18 com_github_MitjaNemec_ReplicateLayout.replicate_layout 990:Src text UUid:cc232efa-626f-400a-9db3-a3da41f5c56d
01-09 22:36:18 com_github_MitjaNemec_ReplicateLayout.replicate_layout 991:Dst text UUid:1e58a4bd-8651-488e-abb3-7318962e9a68
01-09 22:36:18 com_github_MitjaNemec_ReplicateLayout.replicate_layout 888:Replicating footprint: 'LED33'
01-09 22:36:18 com_github_MitjaNemec_ReplicateLayout.replicate_layout 835:Src fp.id: '9951B6BC-C439-4E7D-8198-99AC8DEA037F'
01-09 22:36:18 com_github_MitjaNemec_ReplicateLayout.replicate_layout 839:Dst fp.id: '9951B6BC-C439-4E7D-8198-99AC8DEA037F'
01-09 22:36:18 com_github_MitjaNemec_ReplicateLayout.replicate_layout 895:found match in dst footprint: 'LED45'
01-09 22:36:18 com_github_MitjaNemec_ReplicateLayout.replicate_layout 990:Src text UUid:8731cc0b-ea34-499d-9890-2725b83dad7f
01-09 22:36:18 com_github_MitjaNemec_ReplicateLayout.replicate_layout 991:Dst text UUid:e5930c0b-a708-462d-840c-d7b393255044
01-09 22:36:18 com_github_MitjaNemec_ReplicateLayout.replicate_layout 990:Src text UUid:e129d7e6-ea48-4a5a-a5fb-a9d7aced75df
01-09 22:36:18 com_github_MitjaNemec_ReplicateLayout.replicate_layout 991:Dst text UUid:0f339020-bcf4-4158-a795-fa69dc791987
01-09 22:36:18 com_github_MitjaNemec_ReplicateLayout.replicate_layout 888:Replicating footprint: 'LED51'
01-09 22:36:18 com_github_MitjaNemec_ReplicateLayout.replicate_layout 835:Src fp.id: 'CD010824-93C4-42B5-864E-FF7E0534322F'
01-09 22:36:18 com_github_MitjaNemec_ReplicateLayout.replicate_layout 839:Dst fp.id: 'CD010824-93C4-42B5-864E-FF7E0534322F'
01-09 22:36:18 com_github_MitjaNemec_ReplicateLayout.replicate_layout 895:found match in dst footprint: 'LED63'
01-09 22:36:18 com_github_MitjaNemec_ReplicateLayout.replicate_layout 990:Src text UUid:75412b50-04dd-4166-adf0-c242a02ee641
01-09 22:36:18 com_github_MitjaNemec_ReplicateLayout.replicate_layout 991:Dst text UUid:9a815460-08cb-4266-8ceb-ae324b6a53d2
01-09 22:36:18 com_github_MitjaNemec_ReplicateLayout.replicate_layout 990:Src text UUid:087f87d7-c273-40fd-8f46-e29ac3327c06
01-09 22:36:18 com_github_MitjaNemec_ReplicateLayout.replicate_layout 991:Dst text UUid:33fb1beb-f88d-47bb-95f6-f3b1c5287f77
01-09 22:36:18 com_github_MitjaNemec_ReplicateLayout.replicate_layout 888:Replicating footprint: 'LED34'
01-09 22:36:18 com_github_MitjaNemec_ReplicateLayout.replicate_layout 835:Src fp.id: '6351FB94-0AAB-49D9-8483-DA9F2E3811C6'
01-09 22:36:18 com_github_MitjaNemec_ReplicateLayout.replicate_layout 839:Dst fp.id: '6351FB94-0AAB-49D9-8483-DA9F2E3811C6'
01-09 22:36:18 com_github_MitjaNemec_ReplicateLayout.replicate_layout 895:found match in dst footprint: 'LED46'
01-09 22:36:18 com_github_MitjaNemec_ReplicateLayout.replicate_layout 990:Src text UUid:4c442b34-a655-4f23-9058-2d71308e22b0
01-09 22:36:18 com_github_MitjaNemec_ReplicateLayout.replicate_layout 991:Dst text UUid:0f929d89-9c2e-4c76-99aa-264c597fd20f
01-09 22:36:18 com_github_MitjaNemec_ReplicateLayout.replicate_layout 990:Src text UUid:107391b4-ce41-4661-9120-6807166bf070
01-09 22:36:18 com_github_MitjaNemec_ReplicateLayout.replicate_layout 991:Dst text UUid:a7d952ec-e971-49a5-941b-378a2359913e
01-09 22:36:18 com_github_MitjaNemec_ReplicateLayout.replicate_layout 888:Replicating footprint: 'LED35'
01-09 22:36:18 com_github_MitjaNemec_ReplicateLayout.replicate_layout 835:Src fp.id: 'AD9D360F-9681-4269-965C-A742A3AC9242'
01-09 22:36:18 com_github_MitjaNemec_ReplicateLayout.replicate_layout 839:Dst fp.id: 'AD9D360F-9681-4269-965C-A742A3AC9242'
01-09 22:36:18 com_github_MitjaNemec_ReplicateLayout.replicate_layout 895:found match in dst footprint: 'LED47'
01-09 22:36:18 com_github_MitjaNemec_ReplicateLayout.replicate_layout 990:Src text UUid:64a15fde-c9c0-46f5-aba6-5967b814c873
01-09 22:36:18 com_github_MitjaNemec_ReplicateLayout.replicate_layout 991:Dst text UUid:ad45b6ce-be6c-4c67-99a3-9280144195fc
01-09 22:36:18 com_github_MitjaNemec_ReplicateLayout.replicate_layout 990:Src text UUid:a72a9687-02aa-48cd-b6df-7129388f87f1
01-09 22:36:18 com_github_MitjaNemec_ReplicateLayout.replicate_layout 991:Dst text UUid:7dfea8a9-d3d2-4002-9a3d-336ac2506244
01-09 22:36:18 com_github_MitjaNemec_ReplicateLayout.replicate_layout 888:Replicating footprint: 'LED19'
01-09 22:36:18 com_github_MitjaNemec_ReplicateLayout.replicate_layout 835:Src fp.id: '3252091F-6C63-4026-B306-552DAD848A99'
01-09 22:36:18 com_github_MitjaNemec_ReplicateLayout.replicate_layout 839:Dst fp.id: '3252091F-6C63-4026-B306-552DAD848A99'
01-09 22:36:18 com_github_MitjaNemec_ReplicateLayout.replicate_layout 895:found match in dst footprint: 'LED20'
01-09 22:36:18 com_github_MitjaNemec_ReplicateLayout.replicate_layout 990:Src text UUid:026afcfa-3f2e-442f-b5b4-e04cd963daa6
01-09 22:36:18 com_github_MitjaNemec_ReplicateLayout.replicate_layout 991:Dst text UUid:e82a2bbd-a18a-42fc-b10e-593f0bf52aef
01-09 22:36:18 com_github_MitjaNemec_ReplicateLayout.replicate_layout 990:Src text UUid:7e12a65c-cf6e-4d66-ae1c-f881bdf742ef
01-09 22:36:18 com_github_MitjaNemec_ReplicateLayout.replicate_layout 991:Dst text UUid:1111b8c6-0e6a-48a9-9fd4-0c60db3e4533
01-09 22:36:18 com_github_MitjaNemec_ReplicateLayout.replicate_layout 888:Replicating footprint: 'C36'
01-09 22:36:18 com_github_MitjaNemec_ReplicateLayout.replicate_layout 835:Src fp.id: '5E93127C-C04C-484A-A0C9-AD1CBF076979'
01-09 22:36:18 com_github_MitjaNemec_ReplicateLayout.replicate_layout 839:Dst fp.id: '5E93127C-C04C-484A-A0C9-AD1CBF076979'
01-09 22:36:18 com_github_MitjaNemec_ReplicateLayout.replicate_layout 895:found match in dst footprint: 'C48'
01-09 22:36:18 com_github_MitjaNemec_ReplicateLayout.replicate_layout 990:Src text UUid:f7410345-c1dd-41fb-bab9-78af9cb127c9
01-09 22:36:18 com_github_MitjaNemec_ReplicateLayout.replicate_layout 991:Dst text UUid:82e626fa-16dd-44af-ba4f-f0fe3e40cf5c
01-09 22:36:18 com_github_MitjaNemec_ReplicateLayout.replicate_layout 990:Src text UUid:d14db665-7f42-4582-b2c8-2c510f5283b6
01-09 22:36:18 com_github_MitjaNemec_ReplicateLayout.replicate_layout 991:Dst text UUid:35dba463-95a4-4d41-9fbf-fa6244fc42da
01-09 22:36:18 com_github_MitjaNemec_ReplicateLayout.replicate_layout 888:Replicating footprint: 'C35'
01-09 22:36:18 root 345:updating GUI with: 57
01-09 22:36:18 com_github_MitjaNemec_ReplicateLayout.replicate_layout 835:Src fp.id: '1E405081-C5FF-4096-86D4-2CFF5B466911'
01-09 22:36:18 com_github_MitjaNemec_ReplicateLayout.replicate_layout 839:Dst fp.id: '1E405081-C5FF-4096-86D4-2CFF5B466911'
01-09 22:36:18 com_github_MitjaNemec_ReplicateLayout.replicate_layout 895:found match in dst footprint: 'C47'
01-09 22:36:18 com_github_MitjaNemec_ReplicateLayout.replicate_layout 990:Src text UUid:c3205238-98f0-442f-8283-2f17740e4785
01-09 22:36:18 com_github_MitjaNemec_ReplicateLayout.replicate_layout 991:Dst text UUid:1514ae3d-3ea1-44f9-bd6f-82cfc701606b
01-09 22:36:18 com_github_MitjaNemec_ReplicateLayout.replicate_layout 990:Src text UUid:81af5a21-19af-41cf-986c-d3d1f0735844
01-09 22:36:18 com_github_MitjaNemec_ReplicateLayout.replicate_layout 991:Dst text UUid:77873f72-2a4d-497e-ae3d-32f7d5e93190
01-09 22:36:18 com_github_MitjaNemec_ReplicateLayout.replicate_layout 888:Replicating footprint: 'D57'
01-09 22:36:18 com_github_MitjaNemec_ReplicateLayout.replicate_layout 835:Src fp.id: 'C596E812-BA45-4ED4-A6A3-C49D3BA1ADCA'
01-09 22:36:18 com_github_MitjaNemec_ReplicateLayout.replicate_layout 839:Dst fp.id: 'C596E812-BA45-4ED4-A6A3-C49D3BA1ADCA'
01-09 22:36:18 com_github_MitjaNemec_ReplicateLayout.replicate_layout 895:found match in dst footprint: 'D58'
01-09 22:36:18 com_github_MitjaNemec_ReplicateLayout.replicate_layout 990:Src text UUid:880db083-7bef-4f0b-9457-1b5904a79cc1
01-09 22:36:18 com_github_MitjaNemec_ReplicateLayout.replicate_layout 991:Dst text UUid:f21482c0-4b97-4772-a140-cbfc365d0adb
01-09 22:36:18 com_github_MitjaNemec_ReplicateLayout.replicate_layout 990:Src text UUid:a9ce16b0-530c-4f00-8437-aaeddd309618
01-09 22:36:18 com_github_MitjaNemec_ReplicateLayout.replicate_layout 991:Dst text UUid:de39478e-e8c5-4ea3-8b21-605f69fe386b
01-09 22:36:18 com_github_MitjaNemec_ReplicateLayout.replicate_layout 888:Replicating footprint: 'C37'
01-09 22:36:18 com_github_MitjaNemec_ReplicateLayout.replicate_layout 835:Src fp.id: 'A4C6E237-494A-463B-AA5D-F9D739F984BA'
01-09 22:36:18 com_github_MitjaNemec_ReplicateLayout.replicate_layout 839:Dst fp.id: 'A4C6E237-494A-463B-AA5D-F9D739F984BA'
01-09 22:36:18 com_github_MitjaNemec_ReplicateLayout.replicate_layout 895:found match in dst footprint: 'C49'
01-09 22:36:18 com_github_MitjaNemec_ReplicateLayout.replicate_layout 990:Src text UUid:a02e31e1-0553-4831-9342-15fc4e1e190e
01-09 22:36:18 com_github_MitjaNemec_ReplicateLayout.replicate_layout 991:Dst text UUid:9c32d7c3-fc01-4f06-9e84-078c7daef270
01-09 22:36:18 com_github_MitjaNemec_ReplicateLayout.replicate_layout 990:Src text UUid:9a6dc2f4-0002-464b-ac0b-350d8e76e5df
01-09 22:36:18 com_github_MitjaNemec_ReplicateLayout.replicate_layout 991:Dst text UUid:053a281c-435e-4dbb-b252-db29f5989c72
01-09 22:36:18 com_github_MitjaNemec_ReplicateLayout.replicate_layout 888:Replicating footprint: 'C3'
01-09 22:36:18 com_github_MitjaNemec_ReplicateLayout.replicate_layout 835:Src fp.id: '3232527A-1F23-4662-B37B-31D447B9E4A6'
01-09 22:36:18 com_github_MitjaNemec_ReplicateLayout.replicate_layout 839:Dst fp.id: '3232527A-1F23-4662-B37B-31D447B9E4A6'
01-09 22:36:18 com_github_MitjaNemec_ReplicateLayout.replicate_layout 895:found match in dst footprint: 'C4'
01-09 22:36:18 com_github_MitjaNemec_ReplicateLayout.replicate_layout 990:Src text UUid:2ac17aba-9e60-4ec8-b7e5-f9b328a4d484
01-09 22:36:18 com_github_MitjaNemec_ReplicateLayout.replicate_layout 991:Dst text UUid:58ed3e41-b69e-4459-801d-0de6d3f39e12
01-09 22:36:18 com_github_MitjaNemec_ReplicateLayout.replicate_layout 990:Src text UUid:e8aad019-86c7-4778-b0a0-3bd50b5c971b
01-09 22:36:18 com_github_MitjaNemec_ReplicateLayout.replicate_layout 991:Dst text UUid:6523b879-e1a7-4206-801d-cf6543f28b03
01-09 22:36:18 com_github_MitjaNemec_ReplicateLayout.replicate_layout 888:Replicating footprint: 'C21'
01-09 22:36:18 com_github_MitjaNemec_ReplicateLayout.replicate_layout 835:Src fp.id: '43AC6FFF-47C8-4916-BC10-A0C340393398'
01-09 22:36:18 com_github_MitjaNemec_ReplicateLayout.replicate_layout 839:Dst fp.id: '43AC6FFF-47C8-4916-BC10-A0C340393398'
01-09 22:36:18 com_github_MitjaNemec_ReplicateLayout.replicate_layout 895:found match in dst footprint: 'C22'
01-09 22:36:18 com_github_MitjaNemec_ReplicateLayout.replicate_layout 990:Src text UUid:6a7e0cdd-5408-41fd-bfc0-c7babc6235ee
01-09 22:36:18 com_github_MitjaNemec_ReplicateLayout.replicate_layout 991:Dst text UUid:8247ca10-a0f0-4de7-a957-f187b476b9ba
01-09 22:36:18 com_github_MitjaNemec_ReplicateLayout.replicate_layout 990:Src text UUid:723271b5-2cec-4222-9160-18cd9bc476a8
01-09 22:36:18 com_github_MitjaNemec_ReplicateLayout.replicate_layout 991:Dst text UUid:dd50e77f-a1be-4028-ab55-1751a633fc0e
01-09 22:36:18 com_github_MitjaNemec_ReplicateLayout.replicate_layout 888:Replicating footprint: 'TP2'
01-09 22:36:18 com_github_MitjaNemec_ReplicateLayout.replicate_layout 835:Src fp.id: '249A50CE-1219-46C4-BE11-09BB02EC01D3'
01-09 22:36:18 com_github_MitjaNemec_ReplicateLayout.replicate_layout 839:Dst fp.id: '249A50CE-1219-46C4-BE11-09BB02EC01D3'
01-09 22:36:18 com_github_MitjaNemec_ReplicateLayout.replicate_layout 895:found match in dst footprint: 'TP4'
01-09 22:36:18 com_github_MitjaNemec_ReplicateLayout.replicate_layout 990:Src text UUid:b0e10567-c23b-489d-868a-7e75d9c8837a
01-09 22:36:18 com_github_MitjaNemec_ReplicateLayout.replicate_layout 991:Dst text UUid:fc32a489-4905-4343-90ef-a74a3f20b9a4
01-09 22:36:18 com_github_MitjaNemec_ReplicateLayout.replicate_layout 990:Src text UUid:6e44b211-5f23-4571-9d31-3a31d2135447
01-09 22:36:18 com_github_MitjaNemec_ReplicateLayout.replicate_layout 991:Dst text UUid:40fcb972-2820-4f7d-88b3-7c8463249d0d
01-09 22:36:18 com_github_MitjaNemec_ReplicateLayout.replicate_layout 888:Replicating footprint: 'R1'
01-09 22:36:18 com_github_MitjaNemec_ReplicateLayout.replicate_layout 835:Src fp.id: '0DB01649-BE6C-4D27-B859-44D2A9D032DF'
01-09 22:36:18 com_github_MitjaNemec_ReplicateLayout.replicate_layout 839:Dst fp.id: '0DB01649-BE6C-4D27-B859-44D2A9D032DF'
01-09 22:36:18 com_github_MitjaNemec_ReplicateLayout.replicate_layout 895:found match in dst footprint: 'R2'
01-09 22:36:18 com_github_MitjaNemec_ReplicateLayout.replicate_layout 990:Src text UUid:6f805906-8e1a-432c-8377-10cfab355f05
01-09 22:36:18 com_github_MitjaNemec_ReplicateLayout.replicate_layout 991:Dst text UUid:b8f8b471-da44-4e47-9039-7a2e178ee0ee
01-09 22:36:18 com_github_MitjaNemec_ReplicateLayout.replicate_layout 990:Src text UUid:cfdc08cb-c738-4f2d-a47c-284caaea55d7
01-09 22:36:18 com_github_MitjaNemec_ReplicateLayout.replicate_layout 991:Dst text UUid:a14ac09e-4ebc-4e05-a25d-c153748e0664
01-09 22:36:18 com_github_MitjaNemec_ReplicateLayout.replicate_layout 888:Replicating footprint: 'LED21'
01-09 22:36:18 com_github_MitjaNemec_ReplicateLayout.replicate_layout 835:Src fp.id: '8F82FEB9-A53A-4AEF-A04B-C606992079D6'
01-09 22:36:18 com_github_MitjaNemec_ReplicateLayout.replicate_layout 839:Dst fp.id: '8F82FEB9-A53A-4AEF-A04B-C606992079D6'
01-09 22:36:18 com_github_MitjaNemec_ReplicateLayout.replicate_layout 895:found match in dst footprint: 'LED22'
01-09 22:36:18 com_github_MitjaNemec_ReplicateLayout.replicate_layout 990:Src text UUid:079b9631-314f-4e8c-9f11-a70c23a1c4ba
01-09 22:36:18 com_github_MitjaNemec_ReplicateLayout.replicate_layout 991:Dst text UUid:cc8fb548-b6d7-4af9-b5a8-0ae3300f6e17
01-09 22:36:18 com_github_MitjaNemec_ReplicateLayout.replicate_layout 990:Src text UUid:3a4c5460-93a7-4ab0-8a0b-8848103e3e1b
01-09 22:36:18 com_github_MitjaNemec_ReplicateLayout.replicate_layout 991:Dst text UUid:effad221-5e84-4556-acaa-d09c671071c4
01-09 22:36:18 com_github_MitjaNemec_ReplicateLayout.replicate_layout 888:Replicating footprint: 'LED7'
01-09 22:36:18 com_github_MitjaNemec_ReplicateLayout.replicate_layout 835:Src fp.id: '590292CB-C4AC-437F-A7F3-576FE8495BC6'
01-09 22:36:18 com_github_MitjaNemec_ReplicateLayout.replicate_layout 839:Dst fp.id: '590292CB-C4AC-437F-A7F3-576FE8495BC6'
01-09 22:36:18 com_github_MitjaNemec_ReplicateLayout.replicate_layout 895:found match in dst footprint: 'LED8'
01-09 22:36:18 com_github_MitjaNemec_ReplicateLayout.replicate_layout 990:Src text UUid:46c73cc6-c2fe-48f4-87e2-3296ee63b875
01-09 22:36:18 com_github_MitjaNemec_ReplicateLayout.replicate_layout 991:Dst text UUid:0ad1b2e3-9eac-4a28-9cdb-448b654aabdc
01-09 22:36:18 com_github_MitjaNemec_ReplicateLayout.replicate_layout 990:Src text UUid:ad66f898-f921-42b0-9d51-047f1d00a3f2
01-09 22:36:18 com_github_MitjaNemec_ReplicateLayout.replicate_layout 991:Dst text UUid:2c753a3e-69c3-433f-b164-debfe17616c3
01-09 22:36:18 com_github_MitjaNemec_ReplicateLayout.replicate_layout 888:Replicating footprint: 'LED15'
01-09 22:36:18 com_github_MitjaNemec_ReplicateLayout.replicate_layout 835:Src fp.id: '91D08B9A-017F-43CB-9289-6D0623FB4DC9'
01-09 22:36:18 com_github_MitjaNemec_ReplicateLayout.replicate_layout 839:Dst fp.id: '91D08B9A-017F-43CB-9289-6D0623FB4DC9'
01-09 22:36:18 com_github_MitjaNemec_ReplicateLayout.replicate_layout 895:found match in dst footprint: 'LED16'
01-09 22:36:18 com_github_MitjaNemec_ReplicateLayout.replicate_layout 990:Src text UUid:1dd3bf0f-dabb-4fbc-98a5-2fc7bdd021b4
01-09 22:36:18 com_github_MitjaNemec_ReplicateLayout.replicate_layout 991:Dst text UUid:e794b758-0bcd-434c-a813-12ee2137b202
01-09 22:36:18 com_github_MitjaNemec_ReplicateLayout.replicate_layout 990:Src text UUid:29e18280-06a2-48d5-a9c9-118e6e3aea3c
01-09 22:36:18 com_github_MitjaNemec_ReplicateLayout.replicate_layout 991:Dst text UUid:ac4120aa-3e1c-4e95-9e4a-cf0061317b82
01-09 22:36:18 com_github_MitjaNemec_ReplicateLayout.replicate_layout 888:Replicating footprint: 'C58'
01-09 22:36:18 com_github_MitjaNemec_ReplicateLayout.replicate_layout 835:Src fp.id: '6E27BE8B-B587-4E08-B534-D3A4F5B704AD'
01-09 22:36:18 com_github_MitjaNemec_ReplicateLayout.replicate_layout 839:Dst fp.id: '6E27BE8B-B587-4E08-B534-D3A4F5B704AD'
01-09 22:36:18 com_github_MitjaNemec_ReplicateLayout.replicate_layout 895:found match in dst footprint: 'C70'
01-09 22:36:18 com_github_MitjaNemec_ReplicateLayout.replicate_layout 990:Src text UUid:b0325c05-6f6b-41bb-88f6-d43a5642763b
01-09 22:36:18 com_github_MitjaNemec_ReplicateLayout.replicate_layout 991:Dst text UUid:c6f6c5e7-19a5-45ea-b229-c332bb908131
01-09 22:36:18 com_github_MitjaNemec_ReplicateLayout.replicate_layout 990:Src text UUid:c42ffa83-616c-43e9-b765-a4d54b5fbfff
01-09 22:36:18 com_github_MitjaNemec_ReplicateLayout.replicate_layout 991:Dst text UUid:6ab23e6c-fbed-4cc7-8c85-91a8f944ebde
01-09 22:36:18 com_github_MitjaNemec_ReplicateLayout.replicate_layout 888:Replicating footprint: 'C29'
01-09 22:36:18 com_github_MitjaNemec_ReplicateLayout.replicate_layout 835:Src fp.id: '26CD8E38-E21E-4436-8F9D-276F70C505E0'
01-09 22:36:18 com_github_MitjaNemec_ReplicateLayout.replicate_layout 839:Dst fp.id: '26CD8E38-E21E-4436-8F9D-276F70C505E0'
01-09 22:36:18 com_github_MitjaNemec_ReplicateLayout.replicate_layout 895:found match in dst footprint: 'C41'
01-09 22:36:18 com_github_MitjaNemec_ReplicateLayout.replicate_layout 990:Src text UUid:22cb74b1-368d-4197-96cc-8eddffe9131d
01-09 22:36:18 com_github_MitjaNemec_ReplicateLayout.replicate_layout 991:Dst text UUid:cbc6e737-c8f8-45ed-b12e-c0233d7a6dff
01-09 22:36:18 com_github_MitjaNemec_ReplicateLayout.replicate_layout 990:Src text UUid:152e0e50-4d49-422c-9259-2857f0aea4bc
01-09 22:36:18 com_github_MitjaNemec_ReplicateLayout.replicate_layout 991:Dst text UUid:d75c3b0f-94ec-4393-8e1f-cf0ae04e0fab
01-09 22:36:18 com_github_MitjaNemec_ReplicateLayout.replicate_layout 888:Replicating footprint: 'C56'
01-09 22:36:18 com_github_MitjaNemec_ReplicateLayout.replicate_layout 835:Src fp.id: '9B978151-6976-4173-894B-2316B866A4C5'
01-09 22:36:18 com_github_MitjaNemec_ReplicateLayout.replicate_layout 839:Dst fp.id: '9B978151-6976-4173-894B-2316B866A4C5'
01-09 22:36:18 com_github_MitjaNemec_ReplicateLayout.replicate_layout 895:found match in dst footprint: 'C68'
01-09 22:36:18 com_github_MitjaNemec_ReplicateLayout.replicate_layout 990:Src text UUid:79914696-2e65-4306-b1cb-2d4b543004f3
01-09 22:36:18 com_github_MitjaNemec_ReplicateLayout.replicate_layout 991:Dst text UUid:e50e2552-15ca-4078-bac1-02231ec5b1d1
01-09 22:36:18 com_github_MitjaNemec_ReplicateLayout.replicate_layout 990:Src text UUid:00ee7ae4-6bf7-4442-aabb-3ce206ab9f09
01-09 22:36:18 com_github_MitjaNemec_ReplicateLayout.replicate_layout 991:Dst text UUid:1ee2f45f-4f48-4fe8-90d1-3b158feb07de
01-09 22:36:18 com_github_MitjaNemec_ReplicateLayout.replicate_layout 888:Replicating footprint: 'C30'
01-09 22:36:18 com_github_MitjaNemec_ReplicateLayout.replicate_layout 835:Src fp.id: '5382BDD1-21D7-4521-9067-4307DB3B7A7D'
01-09 22:36:18 com_github_MitjaNemec_ReplicateLayout.replicate_layout 839:Dst fp.id: '5382BDD1-21D7-4521-9067-4307DB3B7A7D'
01-09 22:36:18 com_github_MitjaNemec_ReplicateLayout.replicate_layout 895:found match in dst footprint: 'C42'
01-09 22:36:18 com_github_MitjaNemec_ReplicateLayout.replicate_layout 990:Src text UUid:38278463-7787-4103-9027-c705145e58fe
01-09 22:36:18 com_github_MitjaNemec_ReplicateLayout.replicate_layout 991:Dst text UUid:38844d86-abce-4eb4-95ed-001e5886ccdd
01-09 22:36:18 com_github_MitjaNemec_ReplicateLayout.replicate_layout 990:Src text UUid:d02f174e-c96f-4b0e-ba35-d3f097370ca7
01-09 22:36:18 com_github_MitjaNemec_ReplicateLayout.replicate_layout 991:Dst text UUid:3465248a-c221-47cb-900b-2212e1ff6f47
01-09 22:36:18 com_github_MitjaNemec_ReplicateLayout.replicate_layout 888:Replicating footprint: 'C15'
01-09 22:36:18 com_github_MitjaNemec_ReplicateLayout.replicate_layout 835:Src fp.id: '27B9821F-112D-4B24-BA29-2EE7105C72A4'
01-09 22:36:18 com_github_MitjaNemec_ReplicateLayout.replicate_layout 839:Dst fp.id: '27B9821F-112D-4B24-BA29-2EE7105C72A4'
01-09 22:36:18 com_github_MitjaNemec_ReplicateLayout.replicate_layout 895:found match in dst footprint: 'C16'
01-09 22:36:18 com_github_MitjaNemec_ReplicateLayout.replicate_layout 990:Src text UUid:653217e3-215a-408a-bc49-f3fca5418cb1
01-09 22:36:18 com_github_MitjaNemec_ReplicateLayout.replicate_layout 991:Dst text UUid:a69e54d4-07c6-4a4a-9e96-dced9544d57c
01-09 22:36:18 com_github_MitjaNemec_ReplicateLayout.replicate_layout 990:Src text UUid:17273cef-baa4-4a7a-b1dc-92bd2d5b0fd7
01-09 22:36:18 com_github_MitjaNemec_ReplicateLayout.replicate_layout 991:Dst text UUid:d2022067-2328-40e4-be86-6fecb3793651
01-09 22:36:18 com_github_MitjaNemec_ReplicateLayout.replicate_layout 888:Replicating footprint: 'C17'
01-09 22:36:18 com_github_MitjaNemec_ReplicateLayout.replicate_layout 835:Src fp.id: '8282A93D-6369-421C-BA54-5747098F4167'
01-09 22:36:18 com_github_MitjaNemec_ReplicateLayout.replicate_layout 839:Dst fp.id: '8282A93D-6369-421C-BA54-5747098F4167'
01-09 22:36:18 com_github_MitjaNemec_ReplicateLayout.replicate_layout 895:found match in dst footprint: 'C18'
01-09 22:36:18 com_github_MitjaNemec_ReplicateLayout.replicate_layout 990:Src text UUid:73f97153-83c1-477c-9d1a-220b0fd9f361
01-09 22:36:18 com_github_MitjaNemec_ReplicateLayout.replicate_layout 991:Dst text UUid:7e0b84c9-0a35-447f-8f96-4d382cd2a39e
01-09 22:36:18 com_github_MitjaNemec_ReplicateLayout.replicate_layout 990:Src text UUid:20c4a593-1f06-4e4d-b787-0971026e11b7
01-09 22:36:18 com_github_MitjaNemec_ReplicateLayout.replicate_layout 991:Dst text UUid:ae330e4c-fdcd-4e96-9987-eb1b82b9df40
01-09 22:36:18 com_github_MitjaNemec_ReplicateLayout.replicate_layout 888:Replicating footprint: 'D39'
01-09 22:36:18 com_github_MitjaNemec_ReplicateLayout.replicate_layout 835:Src fp.id: '6D0F6CB4-E1D2-4DA1-89FF-C44BD694E317'
01-09 22:36:18 com_github_MitjaNemec_ReplicateLayout.replicate_layout 839:Dst fp.id: '6D0F6CB4-E1D2-4DA1-89FF-C44BD694E317'
01-09 22:36:18 com_github_MitjaNemec_ReplicateLayout.replicate_layout 895:found match in dst footprint: 'D45'
01-09 22:36:18 com_github_MitjaNemec_ReplicateLayout.replicate_layout 990:Src text UUid:13e75cbd-f7f1-40f8-b126-cfcbfa08499a
01-09 22:36:18 com_github_MitjaNemec_ReplicateLayout.replicate_layout 991:Dst text UUid:db3e7752-a866-4a46-ad37-e406109297ca
01-09 22:36:18 com_github_MitjaNemec_ReplicateLayout.replicate_layout 990:Src text UUid:ddb09a72-d8bc-4f0b-b6e1-7f53c7a42f78
01-09 22:36:18 com_github_MitjaNemec_ReplicateLayout.replicate_layout 991:Dst text UUid:e9407471-0fa1-4906-b748-9836174ccc7d
01-09 22:36:18 com_github_MitjaNemec_ReplicateLayout.replicate_layout 888:Replicating footprint: 'D5'
01-09 22:36:18 com_github_MitjaNemec_ReplicateLayout.replicate_layout 835:Src fp.id: 'FDB2EE84-F03F-45A1-AB54-E466FFB8D9A5'
01-09 22:36:18 com_github_MitjaNemec_ReplicateLayout.replicate_layout 839:Dst fp.id: 'FDB2EE84-F03F-45A1-AB54-E466FFB8D9A5'
01-09 22:36:18 com_github_MitjaNemec_ReplicateLayout.replicate_layout 895:found match in dst footprint: 'D6'
01-09 22:36:18 com_github_MitjaNemec_ReplicateLayout.replicate_layout 990:Src text UUid:c3f36d92-046f-419f-b99b-c64c41b51183
01-09 22:36:18 com_github_MitjaNemec_ReplicateLayout.replicate_layout 991:Dst text UUid:b34bc5a6-02c5-415b-927e-34876f174167
01-09 22:36:18 com_github_MitjaNemec_ReplicateLayout.replicate_layout 990:Src text UUid:08fcdeb9-e201-4869-bd19-0ecc432a566e
01-09 22:36:18 com_github_MitjaNemec_ReplicateLayout.replicate_layout 991:Dst text UUid:39b1a8f4-b062-47c6-99d2-39fd5d5ebb31
01-09 22:36:18 com_github_MitjaNemec_ReplicateLayout.replicate_layout 888:Replicating footprint: 'D15'
01-09 22:36:18 com_github_MitjaNemec_ReplicateLayout.replicate_layout 835:Src fp.id: '99EC888A-4004-4159-AF75-5CBEB2E961C1'
01-09 22:36:18 com_github_MitjaNemec_ReplicateLayout.replicate_layout 839:Dst fp.id: '99EC888A-4004-4159-AF75-5CBEB2E961C1'
01-09 22:36:18 com_github_MitjaNemec_ReplicateLayout.replicate_layout 895:found match in dst footprint: 'D21'
01-09 22:36:18 com_github_MitjaNemec_ReplicateLayout.replicate_layout 990:Src text UUid:a2bee6a8-9f0b-4b58-bf11-430b2f2f8ae5
01-09 22:36:18 com_github_MitjaNemec_ReplicateLayout.replicate_layout 991:Dst text UUid:39afc885-1808-4549-ae7e-0959b464977b
01-09 22:36:18 com_github_MitjaNemec_ReplicateLayout.replicate_layout 990:Src text UUid:73d241fe-7ddb-4aed-8a90-afe541517f3c
01-09 22:36:18 com_github_MitjaNemec_ReplicateLayout.replicate_layout 991:Dst text UUid:15ae6676-8de2-42ac-ba47-ac9771459284
01-09 22:36:18 com_github_MitjaNemec_ReplicateLayout.replicate_layout 888:Replicating footprint: 'D27'
01-09 22:36:18 com_github_MitjaNemec_ReplicateLayout.replicate_layout 835:Src fp.id: '79B06B26-79E5-414D-90C4-72E62351FC61'
01-09 22:36:18 com_github_MitjaNemec_ReplicateLayout.replicate_layout 839:Dst fp.id: '79B06B26-79E5-414D-90C4-72E62351FC61'
01-09 22:36:18 com_github_MitjaNemec_ReplicateLayout.replicate_layout 895:found match in dst footprint: 'D33'
01-09 22:36:18 com_github_MitjaNemec_ReplicateLayout.replicate_layout 990:Src text UUid:1325d4ce-00ef-4a79-9a9f-83e0cebf7614
01-09 22:36:18 com_github_MitjaNemec_ReplicateLayout.replicate_layout 991:Dst text UUid:232534fa-716e-4a5e-af2f-bc95816d9e90
01-09 22:36:18 com_github_MitjaNemec_ReplicateLayout.replicate_layout 990:Src text UUid:cc9857d2-3fe3-4c85-a072-e03d90767fe7
01-09 22:36:18 com_github_MitjaNemec_ReplicateLayout.replicate_layout 991:Dst text UUid:2f992117-8b2a-48d8-8ca6-4c530f0dea18
01-09 22:36:18 com_github_MitjaNemec_ReplicateLayout.replicate_layout 888:Replicating footprint: 'D49'
01-09 22:36:18 com_github_MitjaNemec_ReplicateLayout.replicate_layout 835:Src fp.id: '453C8B33-D85B-4868-83B0-63AEF3BB5A4D'
01-09 22:36:18 com_github_MitjaNemec_ReplicateLayout.replicate_layout 839:Dst fp.id: '453C8B33-D85B-4868-83B0-63AEF3BB5A4D'
01-09 22:36:18 com_github_MitjaNemec_ReplicateLayout.replicate_layout 895:found match in dst footprint: 'D53'
01-09 22:36:18 com_github_MitjaNemec_ReplicateLayout.replicate_layout 990:Src text UUid:663251b7-c5a1-4e67-99b2-43221d301f80
01-09 22:36:18 com_github_MitjaNemec_ReplicateLayout.replicate_layout 991:Dst text UUid:5b084bff-57fc-438b-b983-a3451f103b11
01-09 22:36:18 com_github_MitjaNemec_ReplicateLayout.replicate_layout 990:Src text UUid:435c5e9c-fff4-4c51-9527-1b727f3f6d04
01-09 22:36:18 com_github_MitjaNemec_ReplicateLayout.replicate_layout 991:Dst text UUid:d7c167a9-97f5-447c-a2a6-19f0be93695a
01-09 22:36:18 com_github_MitjaNemec_ReplicateLayout.replicate_layout 888:Replicating footprint: 'D50'
01-09 22:36:18 com_github_MitjaNemec_ReplicateLayout.replicate_layout 835:Src fp.id: 'A4A3940F-7B35-4DE9-A9BF-7814063A0954'
01-09 22:36:18 com_github_MitjaNemec_ReplicateLayout.replicate_layout 839:Dst fp.id: 'A4A3940F-7B35-4DE9-A9BF-7814063A0954'
01-09 22:36:18 com_github_MitjaNemec_ReplicateLayout.replicate_layout 895:found match in dst footprint: 'D54'
01-09 22:36:18 com_github_MitjaNemec_ReplicateLayout.replicate_layout 990:Src text UUid:cfe36f03-db27-42f6-b84e-4cdcbd7ec798
01-09 22:36:18 com_github_MitjaNemec_ReplicateLayout.replicate_layout 991:Dst text UUid:7aaba146-14cb-421a-b6c0-0ef85966069e
01-09 22:36:18 com_github_MitjaNemec_ReplicateLayout.replicate_layout 990:Src text UUid:f5f0fa83-87d2-46b9-8b30-a6d9654e46c2
01-09 22:36:18 com_github_MitjaNemec_ReplicateLayout.replicate_layout 991:Dst text UUid:a52ad8a6-36a0-4425-bf82-a34235b5fe17
01-09 22:36:18 com_github_MitjaNemec_ReplicateLayout.replicate_layout 888:Replicating footprint: 'U5'
01-09 22:36:18 com_github_MitjaNemec_ReplicateLayout.replicate_layout 835:Src fp.id: '4ED5C4EF-A407-40F7-84B2-8B535E9F9FD7'
01-09 22:36:18 com_github_MitjaNemec_ReplicateLayout.replicate_layout 839:Dst fp.id: '4ED5C4EF-A407-40F7-84B2-8B535E9F9FD7'
01-09 22:36:18 com_github_MitjaNemec_ReplicateLayout.replicate_layout 895:found match in dst footprint: 'U6'
01-09 22:36:18 com_github_MitjaNemec_ReplicateLayout.replicate_layout 990:Src text UUid:3de4c030-eddc-4e8a-a81e-416a86c07c08
01-09 22:36:18 com_github_MitjaNemec_ReplicateLayout.replicate_layout 991:Dst text UUid:750232eb-5402-4e3d-929c-472e3cefff32
01-09 22:36:18 com_github_MitjaNemec_ReplicateLayout.replicate_layout 990:Src text UUid:749cfbfc-15b0-41ed-8639-773bd54c1382
01-09 22:36:18 com_github_MitjaNemec_ReplicateLayout.replicate_layout 991:Dst text UUid:48aed302-ec96-4a17-860b-4e4f485221d1
01-09 22:36:18 com_github_MitjaNemec_ReplicateLayout.replicate_layout 888:Replicating footprint: 'SW57'
01-09 22:36:18 com_github_MitjaNemec_ReplicateLayout.replicate_layout 835:Src fp.id: 'FF58495C-A679-4CCA-BC30-9C788D863BA0'
01-09 22:36:18 com_github_MitjaNemec_ReplicateLayout.replicate_layout 839:Dst fp.id: 'FF58495C-A679-4CCA-BC30-9C788D863BA0'
01-09 22:36:18 com_github_MitjaNemec_ReplicateLayout.replicate_layout 895:found match in dst footprint: 'SW58'
01-09 22:36:18 com_github_MitjaNemec_ReplicateLayout.replicate_layout 990:Src text UUid:adcc7f96-28d7-4f2b-9030-a022ebe0a8b3
01-09 22:36:18 com_github_MitjaNemec_ReplicateLayout.replicate_layout 991:Dst text UUid:9ebe5b27-b7d0-4cfb-984f-179ddebd4063
01-09 22:36:18 com_github_MitjaNemec_ReplicateLayout.replicate_layout 990:Src text UUid:0d38f7df-7189-428a-8735-4df7bca68f4f
01-09 22:36:18 com_github_MitjaNemec_ReplicateLayout.replicate_layout 991:Dst text UUid:bcf8c0ad-e6a7-4aca-a0a5-37a36025f2d2
01-09 22:36:18 com_github_MitjaNemec_ReplicateLayout.replicate_layout 888:Replicating footprint: 'SW52'
01-09 22:36:18 com_github_MitjaNemec_ReplicateLayout.replicate_layout 835:Src fp.id: '4E6E1B01-A806-4C15-AB8A-73940D7C3722'
01-09 22:36:18 com_github_MitjaNemec_ReplicateLayout.replicate_layout 839:Dst fp.id: '4E6E1B01-A806-4C15-AB8A-73940D7C3722'
01-09 22:36:18 com_github_MitjaNemec_ReplicateLayout.replicate_layout 895:found match in dst footprint: 'SW56'
01-09 22:36:18 com_github_MitjaNemec_ReplicateLayout.replicate_layout 990:Src text UUid:1b6405bb-399f-407d-83d1-b18e79fee290
01-09 22:36:18 com_github_MitjaNemec_ReplicateLayout.replicate_layout 991:Dst text UUid:447f5ca2-b0cd-4e28-b56a-c0031577ff74
01-09 22:36:18 com_github_MitjaNemec_ReplicateLayout.replicate_layout 990:Src text UUid:da1470c3-d470-41ee-b1c8-3c4142c734f9
01-09 22:36:18 com_github_MitjaNemec_ReplicateLayout.replicate_layout 991:Dst text UUid:d0420193-7f99-4e00-8598-85282a3d4506
01-09 22:36:18 com_github_MitjaNemec_ReplicateLayout.replicate_layout 888:Replicating footprint: 'SW51'
01-09 22:36:18 com_github_MitjaNemec_ReplicateLayout.replicate_layout 835:Src fp.id: '756CB421-F0CA-41F6-8038-F09E4E57E03F'
01-09 22:36:18 com_github_MitjaNemec_ReplicateLayout.replicate_layout 839:Dst fp.id: '756CB421-F0CA-41F6-8038-F09E4E57E03F'
01-09 22:36:18 com_github_MitjaNemec_ReplicateLayout.replicate_layout 895:found match in dst footprint: 'SW55'
01-09 22:36:18 com_github_MitjaNemec_ReplicateLayout.replicate_layout 990:Src text UUid:7328116c-5c6c-4f74-b44f-058f381321d0
01-09 22:36:18 com_github_MitjaNemec_ReplicateLayout.replicate_layout 991:Dst text UUid:e605dee5-735d-4291-adc4-0116817c07c3
01-09 22:36:18 com_github_MitjaNemec_ReplicateLayout.replicate_layout 990:Src text UUid:a5c120d1-ed3f-4701-b1d1-41520e34ca26
01-09 22:36:18 com_github_MitjaNemec_ReplicateLayout.replicate_layout 991:Dst text UUid:48f9ad25-65ac-48d0-bed3-1e7f9e6fbeda
01-09 22:36:18 com_github_MitjaNemec_ReplicateLayout.replicate_layout 888:Replicating footprint: 'SW50'
01-09 22:36:18 com_github_MitjaNemec_ReplicateLayout.replicate_layout 835:Src fp.id: 'ADA136D8-BDC8-40DF-89EC-99583D538100'
01-09 22:36:18 com_github_MitjaNemec_ReplicateLayout.replicate_layout 839:Dst fp.id: 'ADA136D8-BDC8-40DF-89EC-99583D538100'
01-09 22:36:18 com_github_MitjaNemec_ReplicateLayout.replicate_layout 895:found match in dst footprint: 'SW54'
01-09 22:36:18 com_github_MitjaNemec_ReplicateLayout.replicate_layout 990:Src text UUid:ff3b3f0a-389d-4b5a-a1b3-77b92c9f1131
01-09 22:36:18 com_github_MitjaNemec_ReplicateLayout.replicate_layout 991:Dst text UUid:5fb0d31f-a6fe-4f63-92fe-bcf9227d803b
01-09 22:36:18 com_github_MitjaNemec_ReplicateLayout.replicate_layout 990:Src text UUid:ef3c3dbb-18dc-491c-8843-cd5f4de506e1
01-09 22:36:18 com_github_MitjaNemec_ReplicateLayout.replicate_layout 991:Dst text UUid:ce7bdbe3-6ed9-4948-baed-5f3a09e4e88b
01-09 22:36:18 com_github_MitjaNemec_ReplicateLayout.replicate_layout 888:Replicating footprint: 'SW49'
01-09 22:36:18 com_github_MitjaNemec_ReplicateLayout.replicate_layout 835:Src fp.id: '16594A3C-5F8A-4B51-8201-32063378A629'
01-09 22:36:18 com_github_MitjaNemec_ReplicateLayout.replicate_layout 839:Dst fp.id: '16594A3C-5F8A-4B51-8201-32063378A629'
01-09 22:36:18 com_github_MitjaNemec_ReplicateLayout.replicate_layout 895:found match in dst footprint: 'SW53'
01-09 22:36:18 com_github_MitjaNemec_ReplicateLayout.replicate_layout 990:Src text UUid:d1de2dd1-dfa7-4f36-9332-df90a7cb5c5b
01-09 22:36:18 com_github_MitjaNemec_ReplicateLayout.replicate_layout 991:Dst text UUid:32b736e7-7e4a-4004-856c-dec819ff38a3
01-09 22:36:18 com_github_MitjaNemec_ReplicateLayout.replicate_layout 990:Src text UUid:7cdd020e-0a23-4eae-8dcf-70a0455f8837
01-09 22:36:18 com_github_MitjaNemec_ReplicateLayout.replicate_layout 991:Dst text UUid:13e76a33-c2bb-4ccb-9ca3-bffe78bdfc56
01-09 22:36:18 com_github_MitjaNemec_ReplicateLayout.replicate_layout 888:Replicating footprint: 'SW42'
01-09 22:36:18 com_github_MitjaNemec_ReplicateLayout.replicate_layout 835:Src fp.id: '160933AB-2DB6-436E-9896-72F531A424DF'
01-09 22:36:18 com_github_MitjaNemec_ReplicateLayout.replicate_layout 839:Dst fp.id: '160933AB-2DB6-436E-9896-72F531A424DF'
01-09 22:36:18 com_github_MitjaNemec_ReplicateLayout.replicate_layout 895:found match in dst footprint: 'SW48'
01-09 22:36:18 com_github_MitjaNemec_ReplicateLayout.replicate_layout 990:Src text UUid:be29ee91-4093-4edb-a948-630dd50943de
01-09 22:36:18 com_github_MitjaNemec_ReplicateLayout.replicate_layout 991:Dst text UUid:b2cd8510-b5f1-47b3-8bb2-ed7b153ee761
01-09 22:36:18 com_github_MitjaNemec_ReplicateLayout.replicate_layout 990:Src text UUid:5a07842d-ee8e-45a0-8b36-b1c290cffc20
01-09 22:36:18 com_github_MitjaNemec_ReplicateLayout.replicate_layout 991:Dst text UUid:7c4a89ef-cdc0-440c-8da0-5e41291ad469
01-09 22:36:18 com_github_MitjaNemec_ReplicateLayout.replicate_layout 888:Replicating footprint: 'SW41'
01-09 22:36:18 com_github_MitjaNemec_ReplicateLayout.replicate_layout 835:Src fp.id: 'FD17B60B-D505-4DA9-9C71-D8AF15B659BF'
01-09 22:36:18 com_github_MitjaNemec_ReplicateLayout.replicate_layout 839:Dst fp.id: 'FD17B60B-D505-4DA9-9C71-D8AF15B659BF'
01-09 22:36:18 com_github_MitjaNemec_ReplicateLayout.replicate_layout 895:found match in dst footprint: 'SW47'
01-09 22:36:18 com_github_MitjaNemec_ReplicateLayout.replicate_layout 990:Src text UUid:601f3ca2-2ea4-4c3d-b25c-47c7c95fd610
01-09 22:36:18 com_github_MitjaNemec_ReplicateLayout.replicate_layout 991:Dst text UUid:d7013002-3406-4a49-97b0-58787a6cdb3f
01-09 22:36:18 com_github_MitjaNemec_ReplicateLayout.replicate_layout 990:Src text UUid:7f796e1c-dfc3-4de1-a865-98f6553da4d1
01-09 22:36:18 com_github_MitjaNemec_ReplicateLayout.replicate_layout 991:Dst text UUid:78e84d19-89b7-4b77-99cc-85d9aa45b2dd
01-09 22:36:18 com_github_MitjaNemec_ReplicateLayout.replicate_layout 888:Replicating footprint: 'SW40'
01-09 22:36:18 com_github_MitjaNemec_ReplicateLayout.replicate_layout 835:Src fp.id: '89987825-1F82-4A15-BAFF-857CBBFA8A60'
01-09 22:36:18 com_github_MitjaNemec_ReplicateLayout.replicate_layout 839:Dst fp.id: '89987825-1F82-4A15-BAFF-857CBBFA8A60'
01-09 22:36:18 com_github_MitjaNemec_ReplicateLayout.replicate_layout 895:found match in dst footprint: 'SW46'
01-09 22:36:18 com_github_MitjaNemec_ReplicateLayout.replicate_layout 990:Src text UUid:a79248c6-1e77-4fdb-8690-3604304b2bb4
01-09 22:36:18 com_github_MitjaNemec_ReplicateLayout.replicate_layout 991:Dst text UUid:89a1b287-5859-4eb8-ae42-6d05aaf59d5e
01-09 22:36:18 com_github_MitjaNemec_ReplicateLayout.replicate_layout 990:Src text UUid:447ca0ae-608c-40b5-8c88-d464c31198f9
01-09 22:36:18 com_github_MitjaNemec_ReplicateLayout.replicate_layout 991:Dst text UUid:b9cb2b9e-aaff-4f3e-84af-c00ce858b3ae
01-09 22:36:18 com_github_MitjaNemec_ReplicateLayout.replicate_layout 888:Replicating footprint: 'SW39'
01-09 22:36:18 root 345:updating GUI with: 81
01-09 22:36:18 com_github_MitjaNemec_ReplicateLayout.replicate_layout 835:Src fp.id: '98C50A37-CCFC-428C-9942-2EDC9D51F349'
01-09 22:36:18 com_github_MitjaNemec_ReplicateLayout.replicate_layout 839:Dst fp.id: '98C50A37-CCFC-428C-9942-2EDC9D51F349'
01-09 22:36:18 com_github_MitjaNemec_ReplicateLayout.replicate_layout 895:found match in dst footprint: 'SW45'
01-09 22:36:18 com_github_MitjaNemec_ReplicateLayout.replicate_layout 990:Src text UUid:078a561f-05e3-46ab-99dc-276286430078
01-09 22:36:18 com_github_MitjaNemec_ReplicateLayout.replicate_layout 991:Dst text UUid:6416876c-ae8b-4f01-96f3-bb7b5d0631a7
01-09 22:36:18 com_github_MitjaNemec_ReplicateLayout.replicate_layout 990:Src text UUid:7308efaf-7466-4884-889b-bb5a6c2fa5e1
01-09 22:36:18 com_github_MitjaNemec_ReplicateLayout.replicate_layout 991:Dst text UUid:fdf2eecf-4123-4611-8bca-b7ee8602c0e9
01-09 22:36:18 com_github_MitjaNemec_ReplicateLayout.replicate_layout 888:Replicating footprint: 'SW38'
01-09 22:36:18 com_github_MitjaNemec_ReplicateLayout.replicate_layout 835:Src fp.id: 'DF7D7C8B-10C6-4EFB-8AF8-3D28350E5BFD'
01-09 22:36:18 com_github_MitjaNemec_ReplicateLayout.replicate_layout 839:Dst fp.id: 'DF7D7C8B-10C6-4EFB-8AF8-3D28350E5BFD'
01-09 22:36:18 com_github_MitjaNemec_ReplicateLayout.replicate_layout 895:found match in dst footprint: 'SW44'
01-09 22:36:18 com_github_MitjaNemec_ReplicateLayout.replicate_layout 990:Src text UUid:35d66aaf-07e9-4fa7-bc53-ee619a3620a4
01-09 22:36:18 com_github_MitjaNemec_ReplicateLayout.replicate_layout 991:Dst text UUid:979e1558-a886-436e-bada-be57c2d6aa1c
01-09 22:36:18 com_github_MitjaNemec_ReplicateLayout.replicate_layout 990:Src text UUid:991eba55-1532-4da3-a6a2-39f2221ab48f
01-09 22:36:18 com_github_MitjaNemec_ReplicateLayout.replicate_layout 991:Dst text UUid:0ceeaffe-a74c-41c9-a5ee-3f32904ae61c
01-09 22:36:18 com_github_MitjaNemec_ReplicateLayout.replicate_layout 888:Replicating footprint: 'SW37'
01-09 22:36:18 com_github_MitjaNemec_ReplicateLayout.replicate_layout 835:Src fp.id: '7D5603F5-957C-4B0A-AAD4-6C16D5BEC4B8'
01-09 22:36:18 com_github_MitjaNemec_ReplicateLayout.replicate_layout 839:Dst fp.id: '7D5603F5-957C-4B0A-AAD4-6C16D5BEC4B8'
01-09 22:36:18 com_github_MitjaNemec_ReplicateLayout.replicate_layout 895:found match in dst footprint: 'SW43'
01-09 22:36:18 com_github_MitjaNemec_ReplicateLayout.replicate_layout 990:Src text UUid:0e4b78d2-a41f-49b2-bf8e-b9932c3a5a05
01-09 22:36:18 com_github_MitjaNemec_ReplicateLayout.replicate_layout 991:Dst text UUid:6bb674ef-64db-4a86-8947-6233ad902655
01-09 22:36:18 com_github_MitjaNemec_ReplicateLayout.replicate_layout 990:Src text UUid:95ab3136-8a7b-4c3d-a3d3-dd43e3ee9805
01-09 22:36:18 com_github_MitjaNemec_ReplicateLayout.replicate_layout 991:Dst text UUid:c6bbd8e5-c5c8-416b-bc35-927ba6d599f1
01-09 22:36:18 com_github_MitjaNemec_ReplicateLayout.replicate_layout 888:Replicating footprint: 'SW30'
01-09 22:36:18 com_github_MitjaNemec_ReplicateLayout.replicate_layout 835:Src fp.id: '6BE0DD9C-3962-4BE2-AB22-C5D80808B9F6'
01-09 22:36:18 com_github_MitjaNemec_ReplicateLayout.replicate_layout 839:Dst fp.id: '6BE0DD9C-3962-4BE2-AB22-C5D80808B9F6'
01-09 22:36:18 com_github_MitjaNemec_ReplicateLayout.replicate_layout 895:found match in dst footprint: 'SW36'
01-09 22:36:18 com_github_MitjaNemec_ReplicateLayout.replicate_layout 990:Src text UUid:68e61233-a514-4c0d-87d7-b3ebffd0e34f
01-09 22:36:18 com_github_MitjaNemec_ReplicateLayout.replicate_layout 991:Dst text UUid:2fcbc6ce-c09a-4513-a0d4-c2d38341002a
01-09 22:36:18 com_github_MitjaNemec_ReplicateLayout.replicate_layout 990:Src text UUid:b09a2203-2add-4ceb-8597-ac1ca3c04f42
01-09 22:36:18 com_github_MitjaNemec_ReplicateLayout.replicate_layout 991:Dst text UUid:43ec4dd5-37a2-4c3f-b6dc-db685641b190
01-09 22:36:18 com_github_MitjaNemec_ReplicateLayout.replicate_layout 888:Replicating footprint: 'SW29'
01-09 22:36:18 com_github_MitjaNemec_ReplicateLayout.replicate_layout 835:Src fp.id: '09B7C178-8750-4DFA-A4B4-2DC73270ADFF'
01-09 22:36:18 com_github_MitjaNemec_ReplicateLayout.replicate_layout 839:Dst fp.id: '09B7C178-8750-4DFA-A4B4-2DC73270ADFF'
01-09 22:36:18 com_github_MitjaNemec_ReplicateLayout.replicate_layout 895:found match in dst footprint: 'SW35'
01-09 22:36:18 com_github_MitjaNemec_ReplicateLayout.replicate_layout 990:Src text UUid:7b812a68-ed9a-446f-b970-fa557831201f
01-09 22:36:18 com_github_MitjaNemec_ReplicateLayout.replicate_layout 991:Dst text UUid:e868ef20-6836-45bc-859f-e96151e4338f
01-09 22:36:18 com_github_MitjaNemec_ReplicateLayout.replicate_layout 990:Src text UUid:657b76bb-abb7-4251-a199-08d0277af034
01-09 22:36:18 com_github_MitjaNemec_ReplicateLayout.replicate_layout 991:Dst text UUid:049b7d12-7b1f-42e7-8c35-4132699e7658
01-09 22:36:18 com_github_MitjaNemec_ReplicateLayout.replicate_layout 888:Replicating footprint: 'SW28'
01-09 22:36:18 com_github_MitjaNemec_ReplicateLayout.replicate_layout 835:Src fp.id: 'EAA33C54-942F-4836-91B8-380E5499D132'
01-09 22:36:18 com_github_MitjaNemec_ReplicateLayout.replicate_layout 839:Dst fp.id: 'EAA33C54-942F-4836-91B8-380E5499D132'
01-09 22:36:18 com_github_MitjaNemec_ReplicateLayout.replicate_layout 895:found match in dst footprint: 'SW34'
01-09 22:36:18 com_github_MitjaNemec_ReplicateLayout.replicate_layout 990:Src text UUid:f80f6981-69e2-4d76-93fd-0c9dd5ac481d
01-09 22:36:18 com_github_MitjaNemec_ReplicateLayout.replicate_layout 991:Dst text UUid:8c24cb82-d5c3-4046-9d30-6bf01120291d
01-09 22:36:18 com_github_MitjaNemec_ReplicateLayout.replicate_layout 990:Src text UUid:3a5f622d-3e60-47f4-971d-82cc26b2b699
01-09 22:36:18 com_github_MitjaNemec_ReplicateLayout.replicate_layout 991:Dst text UUid:9d023364-a545-4444-88f2-6689f3a6d6d8
01-09 22:36:18 com_github_MitjaNemec_ReplicateLayout.replicate_layout 888:Replicating footprint: 'SW27'
01-09 22:36:18 com_github_MitjaNemec_ReplicateLayout.replicate_layout 835:Src fp.id: 'DC4D6194-B954-4F80-BCAF-986EC6850FDC'
01-09 22:36:18 com_github_MitjaNemec_ReplicateLayout.replicate_layout 839:Dst fp.id: 'DC4D6194-B954-4F80-BCAF-986EC6850FDC'
01-09 22:36:18 com_github_MitjaNemec_ReplicateLayout.replicate_layout 895:found match in dst footprint: 'SW33'
01-09 22:36:18 com_github_MitjaNemec_ReplicateLayout.replicate_layout 990:Src text UUid:1392025d-afb8-4ec9-a864-d3c9ddd5dd3d
01-09 22:36:18 com_github_MitjaNemec_ReplicateLayout.replicate_layout 991:Dst text UUid:d1bac1dd-7e4b-4039-98ba-c5ccbbc2dafe
01-09 22:36:18 com_github_MitjaNemec_ReplicateLayout.replicate_layout 990:Src text UUid:762aef14-dd44-4c26-9aa9-69dd0355d283
01-09 22:36:18 com_github_MitjaNemec_ReplicateLayout.replicate_layout 991:Dst text UUid:be279f1d-9184-4ac4-883a-1846c2cb2909
01-09 22:36:18 com_github_MitjaNemec_ReplicateLayout.replicate_layout 888:Replicating footprint: 'SW26'
01-09 22:36:18 com_github_MitjaNemec_ReplicateLayout.replicate_layout 835:Src fp.id: '3235A8F2-64AD-4DEB-B261-E57BA3A16666'
01-09 22:36:18 com_github_MitjaNemec_ReplicateLayout.replicate_layout 839:Dst fp.id: '3235A8F2-64AD-4DEB-B261-E57BA3A16666'
01-09 22:36:18 com_github_MitjaNemec_ReplicateLayout.replicate_layout 895:found match in dst footprint: 'SW32'
01-09 22:36:18 com_github_MitjaNemec_ReplicateLayout.replicate_layout 990:Src text UUid:ad978344-40ee-4016-96b7-b6a0244081f0
01-09 22:36:18 com_github_MitjaNemec_ReplicateLayout.replicate_layout 991:Dst text UUid:ad3ca23e-b54e-47bc-be53-4938914c0077
01-09 22:36:18 com_github_MitjaNemec_ReplicateLayout.replicate_layout 990:Src text UUid:df60d884-9aa4-4103-8f48-62eecfc0d4e7
01-09 22:36:18 com_github_MitjaNemec_ReplicateLayout.replicate_layout 991:Dst text UUid:a160d55b-657e-4b7b-8e81-28e355f406e4
01-09 22:36:18 com_github_MitjaNemec_ReplicateLayout.replicate_layout 888:Replicating footprint: 'SW25'
01-09 22:36:18 com_github_MitjaNemec_ReplicateLayout.replicate_layout 835:Src fp.id: '777AA920-A6C2-4F32-8050-54717B69D2CE'
01-09 22:36:18 com_github_MitjaNemec_ReplicateLayout.replicate_layout 839:Dst fp.id: '777AA920-A6C2-4F32-8050-54717B69D2CE'
01-09 22:36:18 com_github_MitjaNemec_ReplicateLayout.replicate_layout 895:found match in dst footprint: 'SW31'
01-09 22:36:18 com_github_MitjaNemec_ReplicateLayout.replicate_layout 990:Src text UUid:55938cea-30c8-47df-9e5e-a13258c57fe6
01-09 22:36:18 com_github_MitjaNemec_ReplicateLayout.replicate_layout 991:Dst text UUid:0908b82c-62b7-4144-995d-d39b19a13003
01-09 22:36:18 com_github_MitjaNemec_ReplicateLayout.replicate_layout 990:Src text UUid:7cd13f0e-596f-4504-838d-804b70d5df81
01-09 22:36:18 com_github_MitjaNemec_ReplicateLayout.replicate_layout 991:Dst text UUid:988bc1cd-90bf-45e5-90d0-880bcd16f844
01-09 22:36:18 com_github_MitjaNemec_ReplicateLayout.replicate_layout 888:Replicating footprint: 'SW18'
01-09 22:36:18 com_github_MitjaNemec_ReplicateLayout.replicate_layout 835:Src fp.id: '894830A6-C9EB-4318-93E0-9744A5F2D510'
01-09 22:36:18 com_github_MitjaNemec_ReplicateLayout.replicate_layout 839:Dst fp.id: '894830A6-C9EB-4318-93E0-9744A5F2D510'
01-09 22:36:18 com_github_MitjaNemec_ReplicateLayout.replicate_layout 895:found match in dst footprint: 'SW24'
01-09 22:36:18 com_github_MitjaNemec_ReplicateLayout.replicate_layout 990:Src text UUid:2a7e0679-af20-4633-86e7-782f383aad83
01-09 22:36:18 com_github_MitjaNemec_ReplicateLayout.replicate_layout 991:Dst text UUid:53ddd98c-63ca-4535-97ba-eb609974c209
01-09 22:36:18 com_github_MitjaNemec_ReplicateLayout.replicate_layout 990:Src text UUid:bad989d1-00d3-4e2a-b031-b7dd05793dcd
01-09 22:36:18 com_github_MitjaNemec_ReplicateLayout.replicate_layout 991:Dst text UUid:6db5e5c1-a7e9-48c5-9c97-226c00664dc7
01-09 22:36:18 com_github_MitjaNemec_ReplicateLayout.replicate_layout 888:Replicating footprint: 'SW17'
01-09 22:36:18 com_github_MitjaNemec_ReplicateLayout.replicate_layout 835:Src fp.id: 'CFA90EF2-7323-4B3C-A536-9EDCD997468F'
01-09 22:36:18 com_github_MitjaNemec_ReplicateLayout.replicate_layout 839:Dst fp.id: 'CFA90EF2-7323-4B3C-A536-9EDCD997468F'
01-09 22:36:18 com_github_MitjaNemec_ReplicateLayout.replicate_layout 895:found match in dst footprint: 'SW23'
01-09 22:36:18 com_github_MitjaNemec_ReplicateLayout.replicate_layout 990:Src text UUid:9a9b4058-e681-41a0-b87a-7e3e5c1fe1ea
01-09 22:36:18 com_github_MitjaNemec_ReplicateLayout.replicate_layout 991:Dst text UUid:2afc2253-e782-4434-a41c-fd743c28987f
01-09 22:36:18 com_github_MitjaNemec_ReplicateLayout.replicate_layout 990:Src text UUid:b2eb4fd7-4904-4c16-b253-04d42f217a57
01-09 22:36:18 com_github_MitjaNemec_ReplicateLayout.replicate_layout 991:Dst text UUid:6b75df2d-80c6-4e07-87c8-10d2f69ecdd9
01-09 22:36:18 com_github_MitjaNemec_ReplicateLayout.replicate_layout 888:Replicating footprint: 'SW16'
01-09 22:36:18 com_github_MitjaNemec_ReplicateLayout.replicate_layout 835:Src fp.id: 'D7414BAD-972B-4D9F-8ECD-2EF976336099'
01-09 22:36:18 com_github_MitjaNemec_ReplicateLayout.replicate_layout 839:Dst fp.id: 'D7414BAD-972B-4D9F-8ECD-2EF976336099'
01-09 22:36:18 com_github_MitjaNemec_ReplicateLayout.replicate_layout 895:found match in dst footprint: 'SW22'
01-09 22:36:18 com_github_MitjaNemec_ReplicateLayout.replicate_layout 990:Src text UUid:cc36f79a-7494-4892-b3ec-4ce052d86b71
01-09 22:36:18 com_github_MitjaNemec_ReplicateLayout.replicate_layout 991:Dst text UUid:de2f2177-bb7b-415d-a52e-f4018485d6e3
01-09 22:36:18 com_github_MitjaNemec_ReplicateLayout.replicate_layout 990:Src text UUid:c9971895-d12c-45b9-883c-f7ff09069c16
01-09 22:36:18 com_github_MitjaNemec_ReplicateLayout.replicate_layout 991:Dst text UUid:03f9b058-86ca-4e10-ba35-788e4d484331
01-09 22:36:18 com_github_MitjaNemec_ReplicateLayout.replicate_layout 888:Replicating footprint: 'SW15'
01-09 22:36:18 com_github_MitjaNemec_ReplicateLayout.replicate_layout 835:Src fp.id: 'B6883B10-3A3F-4A5C-BC66-498027F10211'
01-09 22:36:18 com_github_MitjaNemec_ReplicateLayout.replicate_layout 839:Dst fp.id: 'B6883B10-3A3F-4A5C-BC66-498027F10211'
01-09 22:36:18 com_github_MitjaNemec_ReplicateLayout.replicate_layout 895:found match in dst footprint: 'SW21'
01-09 22:36:18 com_github_MitjaNemec_ReplicateLayout.replicate_layout 990:Src text UUid:a1b96349-a034-47fc-9956-e2f3a7ab2540
01-09 22:36:18 com_github_MitjaNemec_ReplicateLayout.replicate_layout 991:Dst text UUid:dc63f56a-9166-47e7-98fd-7154ec83483d
01-09 22:36:18 com_github_MitjaNemec_ReplicateLayout.replicate_layout 990:Src text UUid:652c2fcc-1b08-4853-825a-84edcc0e20d6
01-09 22:36:18 com_github_MitjaNemec_ReplicateLayout.replicate_layout 991:Dst text UUid:7307b166-5860-403f-a1c1-a8309a449d3d
01-09 22:36:18 com_github_MitjaNemec_ReplicateLayout.replicate_layout 888:Replicating footprint: 'SW14'
01-09 22:36:18 com_github_MitjaNemec_ReplicateLayout.replicate_layout 835:Src fp.id: '0A4C9115-283A-48D5-8775-FCC6E48B23BC'
01-09 22:36:18 com_github_MitjaNemec_ReplicateLayout.replicate_layout 839:Dst fp.id: '0A4C9115-283A-48D5-8775-FCC6E48B23BC'
01-09 22:36:18 com_github_MitjaNemec_ReplicateLayout.replicate_layout 895:found match in dst footprint: 'SW20'
01-09 22:36:18 com_github_MitjaNemec_ReplicateLayout.replicate_layout 990:Src text UUid:7c1682ba-b297-419d-afea-235ed661462e
01-09 22:36:18 com_github_MitjaNemec_ReplicateLayout.replicate_layout 991:Dst text UUid:87cc7408-4bce-40ca-b51f-f817d458a3e1
01-09 22:36:18 com_github_MitjaNemec_ReplicateLayout.replicate_layout 990:Src text UUid:325b794e-8eb1-4e65-8222-0e3dba3368f2
01-09 22:36:18 com_github_MitjaNemec_ReplicateLayout.replicate_layout 991:Dst text UUid:930ed999-d33c-471e-b3b1-a06fd923e227
01-09 22:36:18 com_github_MitjaNemec_ReplicateLayout.replicate_layout 888:Replicating footprint: 'SW13'
01-09 22:36:18 com_github_MitjaNemec_ReplicateLayout.replicate_layout 835:Src fp.id: '9768952C-8AB5-4E14-8D2A-4F25217667BC'
01-09 22:36:18 com_github_MitjaNemec_ReplicateLayout.replicate_layout 839:Dst fp.id: '9768952C-8AB5-4E14-8D2A-4F25217667BC'
01-09 22:36:18 com_github_MitjaNemec_ReplicateLayout.replicate_layout 895:found match in dst footprint: 'SW19'
01-09 22:36:18 com_github_MitjaNemec_ReplicateLayout.replicate_layout 990:Src text UUid:e7e0f37a-56b6-48f7-b12c-115d3cf47dc8
01-09 22:36:18 com_github_MitjaNemec_ReplicateLayout.replicate_layout 991:Dst text UUid:597fc349-ed3a-4047-93b9-67b58c5df411
01-09 22:36:18 com_github_MitjaNemec_ReplicateLayout.replicate_layout 990:Src text UUid:07c5a657-8604-4379-8ee6-4cd4793bb790
01-09 22:36:18 com_github_MitjaNemec_ReplicateLayout.replicate_layout 991:Dst text UUid:2efb84e8-ac58-4ab9-b541-b0bbbf764032
01-09 22:36:18 com_github_MitjaNemec_ReplicateLayout.replicate_layout 888:Replicating footprint: 'SW11'
01-09 22:36:18 com_github_MitjaNemec_ReplicateLayout.replicate_layout 835:Src fp.id: '40F1D5F8-C678-4013-9720-DB5F8EC1D6B3'
01-09 22:36:18 com_github_MitjaNemec_ReplicateLayout.replicate_layout 839:Dst fp.id: '40F1D5F8-C678-4013-9720-DB5F8EC1D6B3'
01-09 22:36:18 com_github_MitjaNemec_ReplicateLayout.replicate_layout 895:found match in dst footprint: 'SW12'
01-09 22:36:18 com_github_MitjaNemec_ReplicateLayout.replicate_layout 990:Src text UUid:93e30eb1-029c-40c0-a2d9-0484010b1b03
01-09 22:36:18 com_github_MitjaNemec_ReplicateLayout.replicate_layout 991:Dst text UUid:36203188-fa59-4dd2-ac6c-dca01fa8638c
01-09 22:36:18 com_github_MitjaNemec_ReplicateLayout.replicate_layout 990:Src text UUid:789007c7-b1a3-4e71-8d96-54c7220b48c8
01-09 22:36:18 com_github_MitjaNemec_ReplicateLayout.replicate_layout 991:Dst text UUid:feb90e00-0899-4f01-93e8-391967b46398
01-09 22:36:18 com_github_MitjaNemec_ReplicateLayout.replicate_layout 888:Replicating footprint: 'SW9'
01-09 22:36:18 com_github_MitjaNemec_ReplicateLayout.replicate_layout 835:Src fp.id: '3B2EE51F-291B-4AEC-AD24-7A3328615B6E'
01-09 22:36:18 com_github_MitjaNemec_ReplicateLayout.replicate_layout 839:Dst fp.id: '3B2EE51F-291B-4AEC-AD24-7A3328615B6E'
01-09 22:36:18 com_github_MitjaNemec_ReplicateLayout.replicate_layout 895:found match in dst footprint: 'SW10'
01-09 22:36:18 com_github_MitjaNemec_ReplicateLayout.replicate_layout 990:Src text UUid:d5035d2b-9af9-4a12-a842-e1992aaf4b33
01-09 22:36:18 com_github_MitjaNemec_ReplicateLayout.replicate_layout 991:Dst text UUid:bb9ea6f5-38aa-4834-8d74-d427bbb4a2a4
01-09 22:36:18 com_github_MitjaNemec_ReplicateLayout.replicate_layout 990:Src text UUid:8968e16b-2d74-4bbe-8610-fc7a387683d1
01-09 22:36:18 com_github_MitjaNemec_ReplicateLayout.replicate_layout 991:Dst text UUid:a11d179d-f683-47cf-8214-64a71119f4c4
01-09 22:36:18 com_github_MitjaNemec_ReplicateLayout.replicate_layout 888:Replicating footprint: 'SW7'
01-09 22:36:18 com_github_MitjaNemec_ReplicateLayout.replicate_layout 835:Src fp.id: '02F0C3A1-DCD4-41B3-A147-83CDCE940A90'
01-09 22:36:18 com_github_MitjaNemec_ReplicateLayout.replicate_layout 839:Dst fp.id: '02F0C3A1-DCD4-41B3-A147-83CDCE940A90'
01-09 22:36:18 com_github_MitjaNemec_ReplicateLayout.replicate_layout 895:found match in dst footprint: 'SW8'
01-09 22:36:18 com_github_MitjaNemec_ReplicateLayout.replicate_layout 990:Src text UUid:8d0a40d6-85c5-484f-ac84-dd821f490934
01-09 22:36:18 com_github_MitjaNemec_ReplicateLayout.replicate_layout 991:Dst text UUid:59123327-885c-4c28-ab64-909c23b29bf1
01-09 22:36:18 com_github_MitjaNemec_ReplicateLayout.replicate_layout 990:Src text UUid:dcb37d98-7572-4615-b943-3879e1d2bde0
01-09 22:36:18 com_github_MitjaNemec_ReplicateLayout.replicate_layout 991:Dst text UUid:5789f33e-b080-4bd0-89c5-b2c3e861f162
01-09 22:36:18 com_github_MitjaNemec_ReplicateLayout.replicate_layout 888:Replicating footprint: 'SW5'
01-09 22:36:18 com_github_MitjaNemec_ReplicateLayout.replicate_layout 835:Src fp.id: '45B68628-A762-4F63-846A-E6897178BF09'
01-09 22:36:18 com_github_MitjaNemec_ReplicateLayout.replicate_layout 839:Dst fp.id: '45B68628-A762-4F63-846A-E6897178BF09'
01-09 22:36:18 com_github_MitjaNemec_ReplicateLayout.replicate_layout 895:found match in dst footprint: 'SW6'
01-09 22:36:18 com_github_MitjaNemec_ReplicateLayout.replicate_layout 990:Src text UUid:89711279-9fb7-4b7e-9305-1934bef25b4f
01-09 22:36:18 com_github_MitjaNemec_ReplicateLayout.replicate_layout 991:Dst text UUid:33be995c-cc57-489a-a695-e1c5ceeca63e
01-09 22:36:18 com_github_MitjaNemec_ReplicateLayout.replicate_layout 990:Src text UUid:b087726d-0f84-4674-90ab-c604dbd04898
01-09 22:36:18 com_github_MitjaNemec_ReplicateLayout.replicate_layout 991:Dst text UUid:f1cc9e9b-9ac4-40ec-8e35-ff0678d0cfd6
01-09 22:36:18 com_github_MitjaNemec_ReplicateLayout.replicate_layout 888:Replicating footprint: 'SW3'
01-09 22:36:18 com_github_MitjaNemec_ReplicateLayout.replicate_layout 835:Src fp.id: '68457AE7-EF25-4A04-8B24-E5268C39142F'
01-09 22:36:18 com_github_MitjaNemec_ReplicateLayout.replicate_layout 839:Dst fp.id: '68457AE7-EF25-4A04-8B24-E5268C39142F'
01-09 22:36:18 com_github_MitjaNemec_ReplicateLayout.replicate_layout 895:found match in dst footprint: 'SW4'
01-09 22:36:18 com_github_MitjaNemec_ReplicateLayout.replicate_layout 990:Src text UUid:945647e9-4f19-454c-8909-ea99bf4edd65
01-09 22:36:18 com_github_MitjaNemec_ReplicateLayout.replicate_layout 991:Dst text UUid:8137dd57-fcce-41c1-92e2-497ade99d86d
01-09 22:36:18 com_github_MitjaNemec_ReplicateLayout.replicate_layout 990:Src text UUid:6ea7e4b2-ba0f-4688-a596-3461613bf4b1
01-09 22:36:18 com_github_MitjaNemec_ReplicateLayout.replicate_layout 991:Dst text UUid:f9ee7b90-5681-4065-adab-75b2c814f6cf
01-09 22:36:18 com_github_MitjaNemec_ReplicateLayout.replicate_layout 888:Replicating footprint: 'SW1'
01-09 22:36:18 com_github_MitjaNemec_ReplicateLayout.replicate_layout 835:Src fp.id: '2F599ADD-88F2-44EA-B17E-F9B178A525B5'
01-09 22:36:18 com_github_MitjaNemec_ReplicateLayout.replicate_layout 839:Dst fp.id: '2F599ADD-88F2-44EA-B17E-F9B178A525B5'
01-09 22:36:18 com_github_MitjaNemec_ReplicateLayout.replicate_layout 895:found match in dst footprint: 'SW2'
01-09 22:36:18 com_github_MitjaNemec_ReplicateLayout.replicate_layout 990:Src text UUid:f772aa6d-fdb4-4332-8746-e30dd0b51e8a
01-09 22:36:18 com_github_MitjaNemec_ReplicateLayout.replicate_layout 991:Dst text UUid:4bf07ba0-b436-4c7f-9786-d4dbe5950c6c
01-09 22:36:18 com_github_MitjaNemec_ReplicateLayout.replicate_layout 990:Src text UUid:b4309303-dfc2-4a64-8c04-8918613c11fc
01-09 22:36:18 com_github_MitjaNemec_ReplicateLayout.replicate_layout 991:Dst text UUid:e7fbd2f8-8562-4909-b2a4-f1a01a0090cc
01-09 22:36:18 com_github_MitjaNemec_ReplicateLayout.replicate_layout 888:Replicating footprint: 'H7'
01-09 22:36:18 com_github_MitjaNemec_ReplicateLayout.replicate_layout 835:Src fp.id: '02989014-86DC-4BE8-98F6-85F77344DD7B'
01-09 22:36:18 com_github_MitjaNemec_ReplicateLayout.replicate_layout 839:Dst fp.id: '02989014-86DC-4BE8-98F6-85F77344DD7B'
01-09 22:36:18 com_github_MitjaNemec_ReplicateLayout.replicate_layout 895:found match in dst footprint: 'H8'
01-09 22:36:18 com_github_MitjaNemec_ReplicateLayout.replicate_layout 990:Src text UUid:0433b5ca-b0c9-4044-8806-7fef709fedcf
01-09 22:36:18 com_github_MitjaNemec_ReplicateLayout.replicate_layout 991:Dst text UUid:ad2fde84-1184-4929-8135-5d4df8a8c5b7
01-09 22:36:18 com_github_MitjaNemec_ReplicateLayout.replicate_layout 990:Src text UUid:c4162f52-371c-4493-9cd6-12d60f313c6b
01-09 22:36:18 com_github_MitjaNemec_ReplicateLayout.replicate_layout 991:Dst text UUid:aa12445a-98b9-467c-8007-3df05a951aa6
01-09 22:36:18 com_github_MitjaNemec_ReplicateLayout.replicate_layout 888:Replicating footprint: 'H5'
01-09 22:36:18 com_github_MitjaNemec_ReplicateLayout.replicate_layout 835:Src fp.id: 'D8F385A1-C7A7-407B-80AA-906FC5EAC939'
01-09 22:36:18 com_github_MitjaNemec_ReplicateLayout.replicate_layout 839:Dst fp.id: 'D8F385A1-C7A7-407B-80AA-906FC5EAC939'
01-09 22:36:18 com_github_MitjaNemec_ReplicateLayout.replicate_layout 895:found match in dst footprint: 'H6'
01-09 22:36:18 com_github_MitjaNemec_ReplicateLayout.replicate_layout 990:Src text UUid:3678e757-d1aa-4c8d-a596-73e5a9901a5b
01-09 22:36:18 com_github_MitjaNemec_ReplicateLayout.replicate_layout 991:Dst text UUid:d9071001-f8c1-4455-a20b-ab0ea97c301f
01-09 22:36:18 com_github_MitjaNemec_ReplicateLayout.replicate_layout 990:Src text UUid:f5307d6d-ff26-4b34-b921-6fef2ffbdd84
01-09 22:36:18 com_github_MitjaNemec_ReplicateLayout.replicate_layout 991:Dst text UUid:99831eef-6565-4e6a-8996-927f834cb255
01-09 22:36:18 com_github_MitjaNemec_ReplicateLayout.replicate_layout 888:Replicating footprint: 'H3'
01-09 22:36:18 com_github_MitjaNemec_ReplicateLayout.replicate_layout 835:Src fp.id: 'F7A7FB80-A97B-4E60-8E96-A9113923BE9A'
01-09 22:36:18 com_github_MitjaNemec_ReplicateLayout.replicate_layout 839:Dst fp.id: 'F7A7FB80-A97B-4E60-8E96-A9113923BE9A'
01-09 22:36:18 com_github_MitjaNemec_ReplicateLayout.replicate_layout 895:found match in dst footprint: 'H4'
01-09 22:36:18 com_github_MitjaNemec_ReplicateLayout.replicate_layout 990:Src text UUid:64dfd23b-79b0-46bd-93b0-8e2bd5ae6499
01-09 22:36:18 com_github_MitjaNemec_ReplicateLayout.replicate_layout 991:Dst text UUid:a592c487-121f-4313-9d61-e3cb247c3949
01-09 22:36:18 com_github_MitjaNemec_ReplicateLayout.replicate_layout 990:Src text UUid:7be46297-ced4-4a3f-b2be-8a24e9f4f523
01-09 22:36:18 com_github_MitjaNemec_ReplicateLayout.replicate_layout 991:Dst text UUid:ac940c73-cbb4-44bc-9288-a7c5cfc0917b
01-09 22:36:18 com_github_MitjaNemec_ReplicateLayout.replicate_layout 888:Replicating footprint: 'H1'
01-09 22:36:18 com_github_MitjaNemec_ReplicateLayout.replicate_layout 835:Src fp.id: 'EE914CD2-9061-4F4F-9F8E-E0AD9C0F6C7F'
01-09 22:36:18 com_github_MitjaNemec_ReplicateLayout.replicate_layout 839:Dst fp.id: 'EE914CD2-9061-4F4F-9F8E-E0AD9C0F6C7F'
01-09 22:36:18 com_github_MitjaNemec_ReplicateLayout.replicate_layout 895:found match in dst footprint: 'H2'
01-09 22:36:18 com_github_MitjaNemec_ReplicateLayout.replicate_layout 990:Src text UUid:385259b1-4e74-4b76-aa01-149a6b703836
01-09 22:36:18 com_github_MitjaNemec_ReplicateLayout.replicate_layout 991:Dst text UUid:20e4e861-3c6a-4224-9bc3-3b6b6a9649bb
01-09 22:36:18 com_github_MitjaNemec_ReplicateLayout.replicate_layout 990:Src text UUid:de792b95-12ea-4b29-a068-ff00ec119769
01-09 22:36:18 com_github_MitjaNemec_ReplicateLayout.replicate_layout 991:Dst text UUid:74c8f2fe-e4fa-4c48-8afb-6b650aaa46e8
01-09 22:36:18 root 340:updating GUI message: 'Replicating tracks'
01-09 22:36:18 root 345:updating GUI with: 0
01-09 22:36:18 com_github_MitjaNemec_ReplicateLayout.replicate_layout 1014:Replicating tracks
01-09 22:36:18 com_github_MitjaNemec_ReplicateLayout.replicate_layout 1020:Replicating tracks on sheet ['/right/']
01-09 22:36:18 com_github_MitjaNemec_ReplicateLayout.replicate_layout 835:Src fp.id: '756CB421-F0CA-41F6-8038-F09E4E57E03F'
01-09 22:36:18 com_github_MitjaNemec_ReplicateLayout.replicate_layout 839:Dst fp.id: '756CB421-F0CA-41F6-8038-F09E4E57E03F'
01-09 22:36:18 com_github_MitjaNemec_ReplicateLayout.replicate_layout 776:Significant difference between src net: ['', 'left', 'ROW1'] and dst net: ['', 'right', 'ROW1'], with src_net_depth=3, dst_net_depth=3, src_fp_depth=1, dst_fp_depth=1, match level 0.74
01-09 22:36:18 com_github_MitjaNemec_ReplicateLayout.replicate_layout 776:Significant difference between src net: ['', 'left', 'ROW1'] and dst net: ['', 'right', 'ROW1'], with src_net_depth=3, dst_net_depth=3, src_fp_depth=1, dst_fp_depth=1, match level 0.74
01-09 22:36:18 com_github_MitjaNemec_ReplicateLayout.replicate_layout 776:Significant difference between src net: ['', 'left', 'ROW0'] and dst net: ['', 'right', 'ROW0'], with src_net_depth=3, dst_net_depth=3, src_fp_depth=1, dst_fp_depth=1, match level 0.74
01-09 22:36:18 com_github_MitjaNemec_ReplicateLayout.replicate_layout 776:Significant difference between src net: ['', 'left', 'ROW0'] and dst net: ['', 'right', 'ROW0'], with src_net_depth=3, dst_net_depth=3, src_fp_depth=1, dst_fp_depth=1, match level 0.74
01-09 22:36:18 com_github_MitjaNemec_ReplicateLayout.replicate_layout 776:Significant difference between src net: ['', 'left', 'ROW0'] and dst net: ['', 'right', 'ROW0'], with src_net_depth=3, dst_net_depth=3, src_fp_depth=1, dst_fp_depth=1, match level 0.74
01-09 22:36:18 com_github_MitjaNemec_ReplicateLayout.replicate_layout 776:Significant difference between src net: ['', 'left', 'ROW1'] and dst net: ['', 'right', 'ROW1'], with src_net_depth=3, dst_net_depth=3, src_fp_depth=1, dst_fp_depth=1, match level 0.74
01-09 22:36:18 com_github_MitjaNemec_ReplicateLayout.replicate_layout 776:Significant difference between src net: ['', 'left', 'ROW1'] and dst net: ['', 'right', 'ROW1'], with src_net_depth=3, dst_net_depth=3, src_fp_depth=1, dst_fp_depth=1, match level 0.74
01-09 22:36:18 com_github_MitjaNemec_ReplicateLayout.replicate_layout 776:Significant difference between src net: ['', 'left', 'ROW0'] and dst net: ['', 'right', 'ROW0'], with src_net_depth=3, dst_net_depth=3, src_fp_depth=1, dst_fp_depth=1, match level 0.74
01-09 22:36:18 com_github_MitjaNemec_ReplicateLayout.replicate_layout 776:Significant difference between src net: ['', 'left', 'ROW1'] and dst net: ['', 'right', 'ROW1'], with src_net_depth=3, dst_net_depth=3, src_fp_depth=1, dst_fp_depth=1, match level 0.74
01-09 22:36:18 com_github_MitjaNemec_ReplicateLayout.replicate_layout 776:Significant difference between src net: ['', 'left', 'ROW1'] and dst net: ['', 'right', 'ROW1'], with src_net_depth=3, dst_net_depth=3, src_fp_depth=1, dst_fp_depth=1, match level 0.74
01-09 22:36:18 com_github_MitjaNemec_ReplicateLayout.replicate_layout 776:Significant difference between src net: ['', 'left', 'ROW0'] and dst net: ['', 'right', 'ROW0'], with src_net_depth=3, dst_net_depth=3, src_fp_depth=1, dst_fp_depth=1, match level 0.74
01-09 22:36:18 com_github_MitjaNemec_ReplicateLayout.replicate_layout 776:Significant difference between src net: ['', 'left', 'VCC'] and dst net: ['', 'right', 'VCC'], with src_net_depth=3, dst_net_depth=3, src_fp_depth=1, dst_fp_depth=1, match level 0.74
01-09 22:36:18 com_github_MitjaNemec_ReplicateLayout.replicate_layout 776:Significant difference between src net: ['', 'left', 'VCC'] and dst net: ['', 'right', 'VCC'], with src_net_depth=3, dst_net_depth=3, src_fp_depth=1, dst_fp_depth=1, match level 0.74
01-09 22:36:18 com_github_MitjaNemec_ReplicateLayout.replicate_layout 776:Significant difference between src net: ['', 'left', 'VCC'] and dst net: ['', 'right', 'VCC'], with src_net_depth=3, dst_net_depth=3, src_fp_depth=1, dst_fp_depth=1, match level 0.74
01-09 22:36:18 com_github_MitjaNemec_ReplicateLayout.replicate_layout 776:Significant difference between src net: ['', 'left', 'VCC'] and dst net: ['', 'right', 'VCC'], with src_net_depth=3, dst_net_depth=3, src_fp_depth=1, dst_fp_depth=1, match level 0.74
01-09 22:36:18 com_github_MitjaNemec_ReplicateLayout.replicate_layout 776:Significant difference between src net: ['', 'left', 'VCC'] and dst net: ['', 'right', 'VCC'], with src_net_depth=3, dst_net_depth=3, src_fp_depth=1, dst_fp_depth=1, match level 0.74
01-09 22:36:18 com_github_MitjaNemec_ReplicateLayout.replicate_layout 776:Significant difference between src net: ['', 'left', 'ROW0'] and dst net: ['', 'right', 'ROW0'], with src_net_depth=3, dst_net_depth=3, src_fp_depth=1, dst_fp_depth=1, match level 0.74
01-09 22:36:18 com_github_MitjaNemec_ReplicateLayout.replicate_layout 776:Significant difference between src net: ['', 'left', 'VCC'] and dst net: ['', 'right', 'VCC'], with src_net_depth=3, dst_net_depth=3, src_fp_depth=1, dst_fp_depth=1, match level 0.74
01-09 22:36:18 com_github_MitjaNemec_ReplicateLayout.replicate_layout 776:Significant difference between src net: ['', 'left', 'VCC'] and dst net: ['', 'right', 'VCC'], with src_net_depth=3, dst_net_depth=3, src_fp_depth=1, dst_fp_depth=1, match level 0.74
01-09 22:36:18 com_github_MitjaNemec_ReplicateLayout.replicate_layout 776:Significant difference between src net: ['', 'left', 'VCC'] and dst net: ['', 'right', 'VCC'], with src_net_depth=3, dst_net_depth=3, src_fp_depth=1, dst_fp_depth=1, match level 0.74
01-09 22:36:18 com_github_MitjaNemec_ReplicateLayout.replicate_layout 776:Significant difference between src net: ['', 'left', 'VCC'] and dst net: ['', 'right', 'VCC'], with src_net_depth=3, dst_net_depth=3, src_fp_depth=1, dst_fp_depth=1, match level 0.74
01-09 22:36:18 com_github_MitjaNemec_ReplicateLayout.replicate_layout 776:Significant difference between src net: ['', 'left', 'VCC'] and dst net: ['', 'right', 'VCC'], with src_net_depth=3, dst_net_depth=3, src_fp_depth=1, dst_fp_depth=1, match level 0.74
01-09 22:36:18 com_github_MitjaNemec_ReplicateLayout.replicate_layout 776:Significant difference between src net: ['', 'left', 'VCC'] and dst net: ['', 'right', 'VCC'], with src_net_depth=3, dst_net_depth=3, src_fp_depth=1, dst_fp_depth=1, match level 0.74
01-09 22:36:18 com_github_MitjaNemec_ReplicateLayout.replicate_layout 776:Significant difference between src net: ['', 'left', 'VCC'] and dst net: ['', 'right', 'VCC'], with src_net_depth=3, dst_net_depth=3, src_fp_depth=1, dst_fp_depth=1, match level 0.74
01-09 22:36:18 com_github_MitjaNemec_ReplicateLayout.replicate_layout 776:Significant difference between src net: ['', 'left', 'VCC'] and dst net: ['', 'right', 'VCC'], with src_net_depth=3, dst_net_depth=3, src_fp_depth=1, dst_fp_depth=1, match level 0.74
01-09 22:36:18 com_github_MitjaNemec_ReplicateLayout.replicate_layout 776:Significant difference between src net: ['', 'left', 'VCC'] and dst net: ['', 'right', 'VCC'], with src_net_depth=3, dst_net_depth=3, src_fp_depth=1, dst_fp_depth=1, match level 0.74
01-09 22:36:18 com_github_MitjaNemec_ReplicateLayout.replicate_layout 776:Significant difference between src net: ['', 'left', 'VCC'] and dst net: ['', 'right', 'VCC'], with src_net_depth=3, dst_net_depth=3, src_fp_depth=1, dst_fp_depth=1, match level 0.74
01-09 22:36:18 com_github_MitjaNemec_ReplicateLayout.replicate_layout 776:Significant difference between src net: ['', 'left', 'VCC'] and dst net: ['', 'right', 'VCC'], with src_net_depth=3, dst_net_depth=3, src_fp_depth=1, dst_fp_depth=1, match level 0.74
01-09 22:36:18 com_github_MitjaNemec_ReplicateLayout.replicate_layout 776:Significant difference between src net: ['', 'left', 'VCC'] and dst net: ['', 'right', 'VCC'], with src_net_depth=3, dst_net_depth=3, src_fp_depth=1, dst_fp_depth=1, match level 0.74
01-09 22:36:18 com_github_MitjaNemec_ReplicateLayout.replicate_layout 776:Significant difference between src net: ['', 'left', 'VCC'] and dst net: ['', 'right', 'VCC'], with src_net_depth=3, dst_net_depth=3, src_fp_depth=1, dst_fp_depth=1, match level 0.74
01-09 22:36:18 com_github_MitjaNemec_ReplicateLayout.replicate_layout 776:Significant difference between src net: ['', 'left', 'VCC'] and dst net: ['', 'right', 'VCC'], with src_net_depth=3, dst_net_depth=3, src_fp_depth=1, dst_fp_depth=1, match level 0.74
01-09 22:36:18 com_github_MitjaNemec_ReplicateLayout.replicate_layout 776:Significant difference between src net: ['', 'left', 'VCC'] and dst net: ['', 'right', 'VCC'], with src_net_depth=3, dst_net_depth=3, src_fp_depth=1, dst_fp_depth=1, match level 0.74
01-09 22:36:18 com_github_MitjaNemec_ReplicateLayout.replicate_layout 776:Significant difference between src net: ['', 'left', 'VCC'] and dst net: ['', 'right', 'VCC'], with src_net_depth=3, dst_net_depth=3, src_fp_depth=1, dst_fp_depth=1, match level 0.74
01-09 22:36:18 com_github_MitjaNemec_ReplicateLayout.replicate_layout 776:Significant difference between src net: ['', 'left', 'VCC'] and dst net: ['', 'right', 'VCC'], with src_net_depth=3, dst_net_depth=3, src_fp_depth=1, dst_fp_depth=1, match level 0.74
01-09 22:36:18 com_github_MitjaNemec_ReplicateLayout.replicate_layout 776:Significant difference between src net: ['', 'left', 'VCC'] and dst net: ['', 'right', 'VCC'], with src_net_depth=3, dst_net_depth=3, src_fp_depth=1, dst_fp_depth=1, match level 0.74
01-09 22:36:18 com_github_MitjaNemec_ReplicateLayout.replicate_layout 776:Significant difference between src net: ['', 'left', 'VCC'] and dst net: ['', 'right', 'VCC'], with src_net_depth=3, dst_net_depth=3, src_fp_depth=1, dst_fp_depth=1, match level 0.74
01-09 22:36:18 com_github_MitjaNemec_ReplicateLayout.replicate_layout 776:Significant difference between src net: ['', 'left', 'VCC'] and dst net: ['', 'right', 'VCC'], with src_net_depth=3, dst_net_depth=3, src_fp_depth=1, dst_fp_depth=1, match level 0.74
01-09 22:36:18 com_github_MitjaNemec_ReplicateLayout.replicate_layout 776:Significant difference between src net: ['', 'left', 'VCC'] and dst net: ['', 'right', 'VCC'], with src_net_depth=3, dst_net_depth=3, src_fp_depth=1, dst_fp_depth=1, match level 0.74
01-09 22:36:18 com_github_MitjaNemec_ReplicateLayout.replicate_layout 776:Significant difference between src net: ['', 'left', 'VCC'] and dst net: ['', 'right', 'VCC'], with src_net_depth=3, dst_net_depth=3, src_fp_depth=1, dst_fp_depth=1, match level 0.74
01-09 22:36:18 com_github_MitjaNemec_ReplicateLayout.replicate_layout 776:Significant difference between src net: ['', 'left', 'VCC'] and dst net: ['', 'right', 'VCC'], with src_net_depth=3, dst_net_depth=3, src_fp_depth=1, dst_fp_depth=1, match level 0.74
01-09 22:36:18 com_github_MitjaNemec_ReplicateLayout.replicate_layout 776:Significant difference between src net: ['', 'left', 'VCC'] and dst net: ['', 'right', 'VCC'], with src_net_depth=3, dst_net_depth=3, src_fp_depth=1, dst_fp_depth=1, match level 0.74
01-09 22:36:18 com_github_MitjaNemec_ReplicateLayout.replicate_layout 776:Significant difference between src net: ['', 'left', 'COL5'] and dst net: ['', 'right', 'COL5'], with src_net_depth=3, dst_net_depth=3, src_fp_depth=1, dst_fp_depth=1, match level 0.74
01-09 22:36:18 com_github_MitjaNemec_ReplicateLayout.replicate_layout 776:Significant difference between src net: ['', 'left', 'COL4'] and dst net: ['', 'right', 'COL4'], with src_net_depth=3, dst_net_depth=3, src_fp_depth=1, dst_fp_depth=1, match level 0.74
01-09 22:36:18 com_github_MitjaNemec_ReplicateLayout.replicate_layout 776:Significant difference between src net: ['', 'left', 'COL3'] and dst net: ['', 'right', 'COL3'], with src_net_depth=3, dst_net_depth=3, src_fp_depth=1, dst_fp_depth=1, match level 0.74
01-09 22:36:18 com_github_MitjaNemec_ReplicateLayout.replicate_layout 776:Significant difference between src net: ['', 'left', 'COL2'] and dst net: ['', 'right', 'COL2'], with src_net_depth=3, dst_net_depth=3, src_fp_depth=1, dst_fp_depth=1, match level 0.74
01-09 22:36:18 com_github_MitjaNemec_ReplicateLayout.replicate_layout 776:Significant difference between src net: ['', 'left', 'COL1'] and dst net: ['', 'right', 'COL1'], with src_net_depth=3, dst_net_depth=3, src_fp_depth=1, dst_fp_depth=1, match level 0.74
01-09 22:36:18 com_github_MitjaNemec_ReplicateLayout.replicate_layout 776:Significant difference between src net: ['', 'left', 'COL0'] and dst net: ['', 'right', 'COL0'], with src_net_depth=3, dst_net_depth=3, src_fp_depth=1, dst_fp_depth=1, match level 0.74
01-09 22:36:18 com_github_MitjaNemec_ReplicateLayout.replicate_layout 776:Significant difference between src net: ['', 'left', 'COL3'] and dst net: ['', 'right', 'COL3'], with src_net_depth=3, dst_net_depth=3, src_fp_depth=1, dst_fp_depth=1, match level 0.74
01-09 22:36:18 com_github_MitjaNemec_ReplicateLayout.replicate_layout 776:Significant difference between src net: ['', 'left', 'COL2'] and dst net: ['', 'right', 'COL2'], with src_net_depth=3, dst_net_depth=3, src_fp_depth=1, dst_fp_depth=1, match level 0.74
01-09 22:36:18 com_github_MitjaNemec_ReplicateLayout.replicate_layout 776:Significant difference between src net: ['', 'left', 'COL5'] and dst net: ['', 'right', 'COL5'], with src_net_depth=3, dst_net_depth=3, src_fp_depth=1, dst_fp_depth=1, match level 0.74
01-09 22:36:18 com_github_MitjaNemec_ReplicateLayout.replicate_layout 776:Significant difference between src net: ['', 'left', 'COL4'] and dst net: ['', 'right', 'COL4'], with src_net_depth=3, dst_net_depth=3, src_fp_depth=1, dst_fp_depth=1, match level 0.74
01-09 22:36:18 com_github_MitjaNemec_ReplicateLayout.replicate_layout 776:Significant difference between src net: ['', 'left', 'COL1'] and dst net: ['', 'right', 'COL1'], with src_net_depth=3, dst_net_depth=3, src_fp_depth=1, dst_fp_depth=1, match level 0.74
01-09 22:36:18 com_github_MitjaNemec_ReplicateLayout.replicate_layout 776:Significant difference between src net: ['', 'left', 'COL0'] and dst net: ['', 'right', 'COL0'], with src_net_depth=3, dst_net_depth=3, src_fp_depth=1, dst_fp_depth=1, match level 0.74
01-09 22:36:18 com_github_MitjaNemec_ReplicateLayout.replicate_layout 776:Significant difference between src net: ['', 'left', 'LED'] and dst net: ['', 'right', 'LED'], with src_net_depth=3, dst_net_depth=3, src_fp_depth=1, dst_fp_depth=1, match level 0.74
01-09 22:36:18 com_github_MitjaNemec_ReplicateLayout.replicate_layout 776:Significant difference between src net: ['', 'left', 'VCC'] and dst net: ['', 'right', 'VCC'], with src_net_depth=3, dst_net_depth=3, src_fp_depth=1, dst_fp_depth=1, match level 0.74
01-09 22:36:18 com_github_MitjaNemec_ReplicateLayout.replicate_layout 776:Significant difference between src net: ['', 'left', 'VCC'] and dst net: ['', 'right', 'VCC'], with src_net_depth=3, dst_net_depth=3, src_fp_depth=1, dst_fp_depth=1, match level 0.74
01-09 22:36:18 com_github_MitjaNemec_ReplicateLayout.replicate_layout 776:Significant difference between src net: ['', 'left', 'VCC'] and dst net: ['', 'right', 'VCC'], with src_net_depth=3, dst_net_depth=3, src_fp_depth=1, dst_fp_depth=1, match level 0.74
01-09 22:36:18 com_github_MitjaNemec_ReplicateLayout.replicate_layout 776:Significant difference between src net: ['', 'left', 'VBAT'] and dst net: ['', 'right', 'VBAT'], with src_net_depth=3, dst_net_depth=3, src_fp_depth=1, dst_fp_depth=1, match level 0.74
01-09 22:36:18 com_github_MitjaNemec_ReplicateLayout.replicate_layout 776:Significant difference between src net: ['', 'left', 'BT_PIN'] and dst net: ['', 'right', 'BT_PIN'], with src_net_depth=3, dst_net_depth=3, src_fp_depth=1, dst_fp_depth=1, match level 0.74
01-09 22:36:18 com_github_MitjaNemec_ReplicateLayout.replicate_layout 776:Significant difference between src net: ['', 'left', 'VCC'] and dst net: ['', 'right', 'VCC'], with src_net_depth=3, dst_net_depth=3, src_fp_depth=1, dst_fp_depth=1, match level 0.74
01-09 22:36:18 com_github_MitjaNemec_ReplicateLayout.replicate_layout 776:Significant difference between src net: ['', 'left', 'LED_STATUS'] and dst net: ['', 'right', 'LED_STATUS'], with src_net_depth=3, dst_net_depth=3, src_fp_depth=1, dst_fp_depth=1, match level 0.74
01-09 22:36:18 com_github_MitjaNemec_ReplicateLayout.replicate_layout 776:Significant difference between src net: ['', 'left', 'VCC'] and dst net: ['', 'right', 'VCC'], with src_net_depth=3, dst_net_depth=3, src_fp_depth=1, dst_fp_depth=1, match level 0.74
01-09 22:36:18 com_github_MitjaNemec_ReplicateLayout.replicate_layout 776:Significant difference between src net: ['', 'left', 'BT_PIN'] and dst net: ['', 'right', 'BT_PIN'], with src_net_depth=3, dst_net_depth=3, src_fp_depth=1, dst_fp_depth=1, match level 0.74
01-09 22:36:18 com_github_MitjaNemec_ReplicateLayout.replicate_layout 776:Significant difference between src net: ['', 'left', 'VCC'] and dst net: ['', 'right', 'VCC'], with src_net_depth=3, dst_net_depth=3, src_fp_depth=1, dst_fp_depth=1, match level 0.74
01-09 22:36:18 com_github_MitjaNemec_ReplicateLayout.replicate_layout 776:Significant difference between src net: ['', 'left', 'VCC'] and dst net: ['', 'right', 'VCC'], with src_net_depth=3, dst_net_depth=3, src_fp_depth=1, dst_fp_depth=1, match level 0.74
01-09 22:36:18 com_github_MitjaNemec_ReplicateLayout.replicate_layout 776:Significant difference between src net: ['', 'left', 'VCC'] and dst net: ['', 'right', 'VCC'], with src_net_depth=3, dst_net_depth=3, src_fp_depth=1, dst_fp_depth=1, match level 0.74
01-09 22:36:18 com_github_MitjaNemec_ReplicateLayout.replicate_layout 776:Significant difference between src net: ['', 'left', 'VCC'] and dst net: ['', 'right', 'VCC'], with src_net_depth=3, dst_net_depth=3, src_fp_depth=1, dst_fp_depth=1, match level 0.74
01-09 22:36:18 com_github_MitjaNemec_ReplicateLayout.replicate_layout 776:Significant difference between src net: ['', 'left', 'VCC'] and dst net: ['', 'right', 'VCC'], with src_net_depth=3, dst_net_depth=3, src_fp_depth=1, dst_fp_depth=1, match level 0.74
01-09 22:36:18 com_github_MitjaNemec_ReplicateLayout.replicate_layout 776:Significant difference between src net: ['', 'left', 'VCC'] and dst net: ['', 'right', 'VCC'], with src_net_depth=3, dst_net_depth=3, src_fp_depth=1, dst_fp_depth=1, match level 0.74
01-09 22:36:18 com_github_MitjaNemec_ReplicateLayout.replicate_layout 776:Significant difference between src net: ['', 'left', 'VCC'] and dst net: ['', 'right', 'VCC'], with src_net_depth=3, dst_net_depth=3, src_fp_depth=1, dst_fp_depth=1, match level 0.74
01-09 22:36:18 com_github_MitjaNemec_ReplicateLayout.replicate_layout 776:Significant difference between src net: ['', 'left', 'VCC'] and dst net: ['', 'right', 'VCC'], with src_net_depth=3, dst_net_depth=3, src_fp_depth=1, dst_fp_depth=1, match level 0.74
01-09 22:36:18 com_github_MitjaNemec_ReplicateLayout.replicate_layout 776:Significant difference between src net: ['', 'left', 'VCC'] and dst net: ['', 'right', 'VCC'], with src_net_depth=3, dst_net_depth=3, src_fp_depth=1, dst_fp_depth=1, match level 0.74
01-09 22:36:18 com_github_MitjaNemec_ReplicateLayout.replicate_layout 776:Significant difference between src net: ['', 'left', 'VCC'] and dst net: ['', 'right', 'VCC'], with src_net_depth=3, dst_net_depth=3, src_fp_depth=1, dst_fp_depth=1, match level 0.74
01-09 22:36:18 com_github_MitjaNemec_ReplicateLayout.replicate_layout 776:Significant difference between src net: ['', 'left', 'VCC'] and dst net: ['', 'right', 'VCC'], with src_net_depth=3, dst_net_depth=3, src_fp_depth=1, dst_fp_depth=1, match level 0.74
01-09 22:36:18 com_github_MitjaNemec_ReplicateLayout.replicate_layout 776:Significant difference between src net: ['', 'left', 'VCC'] and dst net: ['', 'right', 'VCC'], with src_net_depth=3, dst_net_depth=3, src_fp_depth=1, dst_fp_depth=1, match level 0.74
01-09 22:36:18 com_github_MitjaNemec_ReplicateLayout.replicate_layout 776:Significant difference between src net: ['', 'left', 'VCC'] and dst net: ['', 'right', 'VCC'], with src_net_depth=3, dst_net_depth=3, src_fp_depth=1, dst_fp_depth=1, match level 0.74
01-09 22:36:18 com_github_MitjaNemec_ReplicateLayout.replicate_layout 776:Significant difference between src net: ['', 'left', 'VCC'] and dst net: ['', 'right', 'VCC'], with src_net_depth=3, dst_net_depth=3, src_fp_depth=1, dst_fp_depth=1, match level 0.74
01-09 22:36:18 com_github_MitjaNemec_ReplicateLayout.replicate_layout 776:Significant difference between src net: ['', 'left', 'VCC'] and dst net: ['', 'right', 'VCC'], with src_net_depth=3, dst_net_depth=3, src_fp_depth=1, dst_fp_depth=1, match level 0.74
01-09 22:36:18 com_github_MitjaNemec_ReplicateLayout.replicate_layout 776:Significant difference between src net: ['', 'left', 'VCC'] and dst net: ['', 'right', 'VCC'], with src_net_depth=3, dst_net_depth=3, src_fp_depth=1, dst_fp_depth=1, match level 0.74
01-09 22:36:18 com_github_MitjaNemec_ReplicateLayout.replicate_layout 776:Significant difference between src net: ['', 'left', 'VCC'] and dst net: ['', 'right', 'VCC'], with src_net_depth=3, dst_net_depth=3, src_fp_depth=1, dst_fp_depth=1, match level 0.74
01-09 22:36:18 com_github_MitjaNemec_ReplicateLayout.replicate_layout 776:Significant difference between src net: ['', 'left', 'VCC'] and dst net: ['', 'right', 'VCC'], with src_net_depth=3, dst_net_depth=3, src_fp_depth=1, dst_fp_depth=1, match level 0.74
01-09 22:36:18 com_github_MitjaNemec_ReplicateLayout.replicate_layout 776:Significant difference between src net: ['', 'left', 'VCC'] and dst net: ['', 'right', 'VCC'], with src_net_depth=3, dst_net_depth=3, src_fp_depth=1, dst_fp_depth=1, match level 0.74
01-09 22:36:18 com_github_MitjaNemec_ReplicateLayout.replicate_layout 776:Significant difference between src net: ['', 'left', 'VCC'] and dst net: ['', 'right', 'VCC'], with src_net_depth=3, dst_net_depth=3, src_fp_depth=1, dst_fp_depth=1, match level 0.74
01-09 22:36:18 com_github_MitjaNemec_ReplicateLayout.replicate_layout 776:Significant difference between src net: ['', 'left', 'VCC'] and dst net: ['', 'right', 'VCC'], with src_net_depth=3, dst_net_depth=3, src_fp_depth=1, dst_fp_depth=1, match level 0.74
01-09 22:36:18 com_github_MitjaNemec_ReplicateLayout.replicate_layout 776:Significant difference between src net: ['', 'left', 'VCC'] and dst net: ['', 'right', 'VCC'], with src_net_depth=3, dst_net_depth=3, src_fp_depth=1, dst_fp_depth=1, match level 0.74
01-09 22:36:18 com_github_MitjaNemec_ReplicateLayout.replicate_layout 776:Significant difference between src net: ['', 'left', 'VCC'] and dst net: ['', 'right', 'VCC'], with src_net_depth=3, dst_net_depth=3, src_fp_depth=1, dst_fp_depth=1, match level 0.74
01-09 22:36:18 com_github_MitjaNemec_ReplicateLayout.replicate_layout 776:Significant difference between src net: ['', 'left', 'SDA'] and dst net: ['', 'right', 'SDA'], with src_net_depth=3, dst_net_depth=3, src_fp_depth=1, dst_fp_depth=1, match level 0.74
01-09 22:36:18 com_github_MitjaNemec_ReplicateLayout.replicate_layout 776:Significant difference between src net: ['', 'left', 'SCL'] and dst net: ['', 'right', 'SCL'], with src_net_depth=3, dst_net_depth=3, src_fp_depth=1, dst_fp_depth=1, match level 0.74
01-09 22:36:18 com_github_MitjaNemec_ReplicateLayout.replicate_layout 776:Significant difference between src net: ['', 'left', 'VCC'] and dst net: ['', 'right', 'VCC'], with src_net_depth=3, dst_net_depth=3, src_fp_depth=1, dst_fp_depth=1, match level 0.74
01-09 22:36:18 com_github_MitjaNemec_ReplicateLayout.replicate_layout 776:Significant difference between src net: ['', 'left', 'VCC'] and dst net: ['', 'right', 'VCC'], with src_net_depth=3, dst_net_depth=3, src_fp_depth=1, dst_fp_depth=1, match level 0.74
01-09 22:36:18 com_github_MitjaNemec_ReplicateLayout.replicate_layout 776:Significant difference between src net: ['', 'left', 'ROW4'] and dst net: ['', 'right', 'ROW4'], with src_net_depth=3, dst_net_depth=3, src_fp_depth=1, dst_fp_depth=1, match level 0.74
01-09 22:36:18 com_github_MitjaNemec_ReplicateLayout.replicate_layout 776:Significant difference between src net: ['', 'left', 'ROW3'] and dst net: ['', 'right', 'ROW3'], with src_net_depth=3, dst_net_depth=3, src_fp_depth=1, dst_fp_depth=1, match level 0.74
01-09 22:36:18 com_github_MitjaNemec_ReplicateLayout.replicate_layout 776:Significant difference between src net: ['', 'left', 'ROW4'] and dst net: ['', 'right', 'ROW4'], with src_net_depth=3, dst_net_depth=3, src_fp_depth=1, dst_fp_depth=1, match level 0.74
01-09 22:36:18 com_github_MitjaNemec_ReplicateLayout.replicate_layout 776:Significant difference between src net: ['', 'left', 'ROW4'] and dst net: ['', 'right', 'ROW4'], with src_net_depth=3, dst_net_depth=3, src_fp_depth=1, dst_fp_depth=1, match level 0.74
01-09 22:36:18 com_github_MitjaNemec_ReplicateLayout.replicate_layout 776:Significant difference between src net: ['', 'left', 'ROW3'] and dst net: ['', 'right', 'ROW3'], with src_net_depth=3, dst_net_depth=3, src_fp_depth=1, dst_fp_depth=1, match level 0.74
01-09 22:36:18 com_github_MitjaNemec_ReplicateLayout.replicate_layout 776:Significant difference between src net: ['', 'left', 'ROW4'] and dst net: ['', 'right', 'ROW4'], with src_net_depth=3, dst_net_depth=3, src_fp_depth=1, dst_fp_depth=1, match level 0.74
01-09 22:36:18 com_github_MitjaNemec_ReplicateLayout.replicate_layout 776:Significant difference between src net: ['', 'left', 'ROW4'] and dst net: ['', 'right', 'ROW4'], with src_net_depth=3, dst_net_depth=3, src_fp_depth=1, dst_fp_depth=1, match level 0.74
01-09 22:36:18 com_github_MitjaNemec_ReplicateLayout.replicate_layout 776:Significant difference between src net: ['', 'left', 'ROW3'] and dst net: ['', 'right', 'ROW3'], with src_net_depth=3, dst_net_depth=3, src_fp_depth=1, dst_fp_depth=1, match level 0.74
01-09 22:36:18 com_github_MitjaNemec_ReplicateLayout.replicate_layout 776:Significant difference between src net: ['', 'left', 'ROW2'] and dst net: ['', 'right', 'ROW2'], with src_net_depth=3, dst_net_depth=3, src_fp_depth=1, dst_fp_depth=1, match level 0.74
01-09 22:36:18 com_github_MitjaNemec_ReplicateLayout.replicate_layout 776:Significant difference between src net: ['', 'left', 'ROW2'] and dst net: ['', 'right', 'ROW2'], with src_net_depth=3, dst_net_depth=3, src_fp_depth=1, dst_fp_depth=1, match level 0.74
01-09 22:36:18 com_github_MitjaNemec_ReplicateLayout.replicate_layout 776:Significant difference between src net: ['', 'left', 'ROW2'] and dst net: ['', 'right', 'ROW2'], with src_net_depth=3, dst_net_depth=3, src_fp_depth=1, dst_fp_depth=1, match level 0.74
01-09 22:36:18 com_github_MitjaNemec_ReplicateLayout.replicate_layout 776:Significant difference between src net: ['', 'left', 'ROW2'] and dst net: ['', 'right', 'ROW2'], with src_net_depth=3, dst_net_depth=3, src_fp_depth=1, dst_fp_depth=1, match level 0.74
01-09 22:36:18 com_github_MitjaNemec_ReplicateLayout.replicate_layout 776:Significant difference between src net: ['', 'left', 'ROW3'] and dst net: ['', 'right', 'ROW3'], with src_net_depth=3, dst_net_depth=3, src_fp_depth=1, dst_fp_depth=1, match level 0.74
01-09 22:36:18 com_github_MitjaNemec_ReplicateLayout.replicate_layout 776:Significant difference between src net: ['', 'left', 'ROW2'] and dst net: ['', 'right', 'ROW2'], with src_net_depth=3, dst_net_depth=3, src_fp_depth=1, dst_fp_depth=1, match level 0.74
01-09 22:36:18 com_github_MitjaNemec_ReplicateLayout.replicate_layout 776:Significant difference between src net: ['', 'left', 'ROW3'] and dst net: ['', 'right', 'ROW3'], with src_net_depth=3, dst_net_depth=3, src_fp_depth=1, dst_fp_depth=1, match level 0.74
01-09 22:36:18 com_github_MitjaNemec_ReplicateLayout.replicate_layout 776:Significant difference between src net: ['', 'left', 'ROW3'] and dst net: ['', 'right', 'ROW3'], with src_net_depth=3, dst_net_depth=3, src_fp_depth=1, dst_fp_depth=1, match level 0.74
01-09 22:36:18 com_github_MitjaNemec_ReplicateLayout.replicate_layout 776:Significant difference between src net: ['', 'left', 'ROW2'] and dst net: ['', 'right', 'ROW2'], with src_net_depth=3, dst_net_depth=3, src_fp_depth=1, dst_fp_depth=1, match level 0.74
01-09 22:36:18 com_github_MitjaNemec_ReplicateLayout.replicate_layout 776:Significant difference between src net: ['', 'left', 'VBAT'] and dst net: ['', 'right', 'VBAT'], with src_net_depth=3, dst_net_depth=3, src_fp_depth=1, dst_fp_depth=1, match level 0.74
01-09 22:36:18 com_github_MitjaNemec_ReplicateLayout.replicate_layout 776:Significant difference between src net: ['', 'left', 'UART_RX'] and dst net: ['', 'right', 'UART_RX'], with src_net_depth=3, dst_net_depth=3, src_fp_depth=1, dst_fp_depth=1, match level 0.74
01-09 22:36:18 com_github_MitjaNemec_ReplicateLayout.replicate_layout 776:Significant difference between src net: ['', 'left', 'COL4'] and dst net: ['', 'right', 'COL4'], with src_net_depth=3, dst_net_depth=3, src_fp_depth=1, dst_fp_depth=1, match level 0.74
01-09 22:36:18 com_github_MitjaNemec_ReplicateLayout.replicate_layout 776:Significant difference between src net: ['', 'left', 'COL5'] and dst net: ['', 'right', 'COL5'], with src_net_depth=3, dst_net_depth=3, src_fp_depth=1, dst_fp_depth=1, match level 0.74
01-09 22:36:18 com_github_MitjaNemec_ReplicateLayout.replicate_layout 776:Significant difference between src net: ['', 'left', 'SDA'] and dst net: ['', 'right', 'SDA'], with src_net_depth=3, dst_net_depth=3, src_fp_depth=1, dst_fp_depth=1, match level 0.74
01-09 22:36:18 com_github_MitjaNemec_ReplicateLayout.replicate_layout 776:Significant difference between src net: ['', 'left', 'SCL'] and dst net: ['', 'right', 'SCL'], with src_net_depth=3, dst_net_depth=3, src_fp_depth=1, dst_fp_depth=1, match level 0.74
01-09 22:36:18 com_github_MitjaNemec_ReplicateLayout.replicate_layout 776:Significant difference between src net: ['', 'left', 'VBAT'] and dst net: ['', 'right', 'VBAT'], with src_net_depth=3, dst_net_depth=3, src_fp_depth=1, dst_fp_depth=1, match level 0.74
01-09 22:36:18 com_github_MitjaNemec_ReplicateLayout.replicate_layout 776:Significant difference between src net: ['', 'left', 'VBAT'] and dst net: ['', 'right', 'VBAT'], with src_net_depth=3, dst_net_depth=3, src_fp_depth=1, dst_fp_depth=1, match level 0.74
01-09 22:36:18 com_github_MitjaNemec_ReplicateLayout.replicate_layout 776:Significant difference between src net: ['', 'left', 'VCC'] and dst net: ['', 'right', 'VCC'], with src_net_depth=3, dst_net_depth=3, src_fp_depth=1, dst_fp_depth=1, match level 0.74
01-09 22:36:18 com_github_MitjaNemec_ReplicateLayout.replicate_layout 776:Significant difference between src net: ['', 'left', 'ROW4'] and dst net: ['', 'right', 'ROW4'], with src_net_depth=3, dst_net_depth=3, src_fp_depth=1, dst_fp_depth=1, match level 0.74
01-09 22:36:18 com_github_MitjaNemec_ReplicateLayout.replicate_layout 776:Significant difference between src net: ['', 'left', 'UART_TX'] and dst net: ['', 'right', 'UART_TX'], with src_net_depth=3, dst_net_depth=3, src_fp_depth=1, dst_fp_depth=1, match level 0.74
01-09 22:36:18 com_github_MitjaNemec_ReplicateLayout.replicate_layout 776:Significant difference between src net: ['', 'left', 'ROW3'] and dst net: ['', 'right', 'ROW3'], with src_net_depth=3, dst_net_depth=3, src_fp_depth=1, dst_fp_depth=1, match level 0.74
01-09 22:36:18 com_github_MitjaNemec_ReplicateLayout.replicate_layout 776:Significant difference between src net: ['', 'left', 'ROW2'] and dst net: ['', 'right', 'ROW2'], with src_net_depth=3, dst_net_depth=3, src_fp_depth=1, dst_fp_depth=1, match level 0.74
01-09 22:36:18 com_github_MitjaNemec_ReplicateLayout.replicate_layout 776:Significant difference between src net: ['', 'left', 'ROW1'] and dst net: ['', 'right', 'ROW1'], with src_net_depth=3, dst_net_depth=3, src_fp_depth=1, dst_fp_depth=1, match level 0.74
01-09 22:36:18 com_github_MitjaNemec_ReplicateLayout.replicate_layout 776:Significant difference between src net: ['', 'left', 'ROW0'] and dst net: ['', 'right', 'ROW0'], with src_net_depth=3, dst_net_depth=3, src_fp_depth=1, dst_fp_depth=1, match level 0.74
01-09 22:36:18 com_github_MitjaNemec_ReplicateLayout.replicate_layout 776:Significant difference between src net: ['', 'left', 'LED'] and dst net: ['', 'right', 'LED'], with src_net_depth=3, dst_net_depth=3, src_fp_depth=1, dst_fp_depth=1, match level 0.74
01-09 22:36:18 com_github_MitjaNemec_ReplicateLayout.replicate_layout 776:Significant difference between src net: ['', 'left', 'LED_STATUS'] and dst net: ['', 'right', 'LED_STATUS'], with src_net_depth=3, dst_net_depth=3, src_fp_depth=1, dst_fp_depth=1, match level 0.74
01-09 22:36:18 com_github_MitjaNemec_ReplicateLayout.replicate_layout 776:Significant difference between src net: ['', 'left', 'BT_PIN'] and dst net: ['', 'right', 'BT_PIN'], with src_net_depth=3, dst_net_depth=3, src_fp_depth=1, dst_fp_depth=1, match level 0.74
01-09 22:36:18 com_github_MitjaNemec_ReplicateLayout.replicate_layout 776:Significant difference between src net: ['', 'left', 'COL0'] and dst net: ['', 'right', 'COL0'], with src_net_depth=3, dst_net_depth=3, src_fp_depth=1, dst_fp_depth=1, match level 0.74
01-09 22:36:18 com_github_MitjaNemec_ReplicateLayout.replicate_layout 776:Significant difference between src net: ['', 'left', 'COL1'] and dst net: ['', 'right', 'COL1'], with src_net_depth=3, dst_net_depth=3, src_fp_depth=1, dst_fp_depth=1, match level 0.74
01-09 22:36:18 com_github_MitjaNemec_ReplicateLayout.replicate_layout 776:Significant difference between src net: ['', 'left', 'COL2'] and dst net: ['', 'right', 'COL2'], with src_net_depth=3, dst_net_depth=3, src_fp_depth=1, dst_fp_depth=1, match level 0.74
01-09 22:36:18 com_github_MitjaNemec_ReplicateLayout.replicate_layout 776:Significant difference between src net: ['', 'left', 'COL3'] and dst net: ['', 'right', 'COL3'], with src_net_depth=3, dst_net_depth=3, src_fp_depth=1, dst_fp_depth=1, match level 0.74
01-09 22:36:18 com_github_MitjaNemec_ReplicateLayout.replicate_layout 776:Significant difference between src net: ['', 'left', 'COL1'] and dst net: ['', 'right', 'COL1'], with src_net_depth=3, dst_net_depth=3, src_fp_depth=1, dst_fp_depth=1, match level 0.74
01-09 22:36:18 com_github_MitjaNemec_ReplicateLayout.replicate_layout 776:Significant difference between src net: ['', 'left', 'VBAT'] and dst net: ['', 'right', 'VBAT'], with src_net_depth=3, dst_net_depth=3, src_fp_depth=1, dst_fp_depth=1, match level 0.74
01-09 22:36:18 com_github_MitjaNemec_ReplicateLayout.replicate_layout 776:Significant difference between src net: ['', 'left', 'COL5'] and dst net: ['', 'right', 'COL5'], with src_net_depth=3, dst_net_depth=3, src_fp_depth=1, dst_fp_depth=1, match level 0.74
01-09 22:36:18 com_github_MitjaNemec_ReplicateLayout.replicate_layout 776:Significant difference between src net: ['', 'left', 'COL3'] and dst net: ['', 'right', 'COL3'], with src_net_depth=3, dst_net_depth=3, src_fp_depth=1, dst_fp_depth=1, match level 0.74
01-09 22:36:18 com_github_MitjaNemec_ReplicateLayout.replicate_layout 776:Significant difference between src net: ['', 'left', 'COL4'] and dst net: ['', 'right', 'COL4'], with src_net_depth=3, dst_net_depth=3, src_fp_depth=1, dst_fp_depth=1, match level 0.74
01-09 22:36:18 com_github_MitjaNemec_ReplicateLayout.replicate_layout 776:Significant difference between src net: ['', 'left', 'COL2'] and dst net: ['', 'right', 'COL2'], with src_net_depth=3, dst_net_depth=3, src_fp_depth=1, dst_fp_depth=1, match level 0.74
01-09 22:36:18 com_github_MitjaNemec_ReplicateLayout.replicate_layout 776:Significant difference between src net: ['', 'left', 'COL5'] and dst net: ['', 'right', 'COL5'], with src_net_depth=3, dst_net_depth=3, src_fp_depth=1, dst_fp_depth=1, match level 0.74
01-09 22:36:18 com_github_MitjaNemec_ReplicateLayout.replicate_layout 776:Significant difference between src net: ['', 'left', 'COL4'] and dst net: ['', 'right', 'COL4'], with src_net_depth=3, dst_net_depth=3, src_fp_depth=1, dst_fp_depth=1, match level 0.74
01-09 22:36:18 com_github_MitjaNemec_ReplicateLayout.replicate_layout 776:Significant difference between src net: ['', 'left', 'COL2'] and dst net: ['', 'right', 'COL2'], with src_net_depth=3, dst_net_depth=3, src_fp_depth=1, dst_fp_depth=1, match level 0.74
01-09 22:36:18 com_github_MitjaNemec_ReplicateLayout.replicate_layout 776:Significant difference between src net: ['', 'left', 'COL1'] and dst net: ['', 'right', 'COL1'], with src_net_depth=3, dst_net_depth=3, src_fp_depth=1, dst_fp_depth=1, match level 0.74
01-09 22:36:18 com_github_MitjaNemec_ReplicateLayout.replicate_layout 776:Significant difference between src net: ['', 'left', 'COL0'] and dst net: ['', 'right', 'COL0'], with src_net_depth=3, dst_net_depth=3, src_fp_depth=1, dst_fp_depth=1, match level 0.74
01-09 22:36:18 com_github_MitjaNemec_ReplicateLayout.replicate_layout 776:Significant difference between src net: ['', 'left', 'COL4'] and dst net: ['', 'right', 'COL4'], with src_net_depth=3, dst_net_depth=3, src_fp_depth=1, dst_fp_depth=1, match level 0.74
01-09 22:36:18 com_github_MitjaNemec_ReplicateLayout.replicate_layout 776:Significant difference between src net: ['', 'left', 'COL3'] and dst net: ['', 'right', 'COL3'], with src_net_depth=3, dst_net_depth=3, src_fp_depth=1, dst_fp_depth=1, match level 0.74
01-09 22:36:18 com_github_MitjaNemec_ReplicateLayout.replicate_layout 776:Significant difference between src net: ['', 'left', 'COL3'] and dst net: ['', 'right', 'COL3'], with src_net_depth=3, dst_net_depth=3, src_fp_depth=1, dst_fp_depth=1, match level 0.74
01-09 22:36:18 com_github_MitjaNemec_ReplicateLayout.replicate_layout 776:Significant difference between src net: ['', 'left', 'COL5'] and dst net: ['', 'right', 'COL5'], with src_net_depth=3, dst_net_depth=3, src_fp_depth=1, dst_fp_depth=1, match level 0.74
01-09 22:36:18 com_github_MitjaNemec_ReplicateLayout.replicate_layout 776:Significant difference between src net: ['', 'left', 'COL1'] and dst net: ['', 'right', 'COL1'], with src_net_depth=3, dst_net_depth=3, src_fp_depth=1, dst_fp_depth=1, match level 0.74
01-09 22:36:18 com_github_MitjaNemec_ReplicateLayout.replicate_layout 776:Significant difference between src net: ['', 'left', 'COL0'] and dst net: ['', 'right', 'COL0'], with src_net_depth=3, dst_net_depth=3, src_fp_depth=1, dst_fp_depth=1, match level 0.74
01-09 22:36:18 com_github_MitjaNemec_ReplicateLayout.replicate_layout 776:Significant difference between src net: ['', 'left', 'COL2'] and dst net: ['', 'right', 'COL2'], with src_net_depth=3, dst_net_depth=3, src_fp_depth=1, dst_fp_depth=1, match level 0.74
01-09 22:36:18 com_github_MitjaNemec_ReplicateLayout.replicate_layout 792:Net pairs for sheet ['/right/'] :[('Net-(LED13-DOUT)', 'Net-(LED14-DOUT)'), ('Net-(LED35-DOUT)', 'Net-(LED47-DOUT)'), ('Net-(D41-A)', 'Net-(D47-A)'), ('Net-(D15-A)', 'Net-(D21-A)'), ('Net-(D38-A)', 'Net-(D44-A)'), ('/left/COL0', '/right/COL0'), ('Net-(LED25-DOUT)', 'Net-(LED26-DOUT)'), ('/left/COL5', '/right/COL5'), ('/left/VCC', '/right/VCC'), ('Net-(LED36-DIN)', 'Net-(LED48-DIN)'), ('/left/BT_PIN', '/right/BT_PIN'), ('/left/Encoder_B', '/right/Encoder_B'), ('unconnected-(LED57-DOUT-Pad2)', 'unconnected-(LED69-DOUT-Pad2)'), ('GND', 'GND'), ('Net-(D3-A)', 'Net-(D4-A)'), ('Net-(D5-A)', 'Net-(D6-A)'), ('Net-(LED15-DOUT)', 'Net-(LED16-DOUT)'), ('Net-(D42-A)', 'Net-(D48-A)'), ('/left/COL1', '/right/COL1'), ('Net-(D9-A)', 'Net-(D10-A)'), ('', ''), ('Net-(LED28-DIN)', 'Net-(LED40-DIN)'), ('Net-(LED32-DIN)', 'Net-(LED44-DIN)'), ('Net-(LED19-DOUT)', 'Net-(LED20-DOUT)'), ('/left/VBAT', '/right/VBAT'), ('Net-(LED27-DOUT)', 'Net-(LED39-DOUT)'), ('Net-(LED33-DOUT)', 'Net-(LED45-DOUT)'), ('/left/Encoder_A', '/right/Encoder_A'), ('Net-(D11-A)', 'Net-(D12-A)'), ('/left/ROW2', '/right/ROW2'), ('unconnected-(U5-RST-Pad17)', 'unconnected-(U6-RST-Pad17)'), ('Net-(LED55-DOUT)', 'Net-(LED67-DOUT)'), ('Net-(LED11-DOUT)', 'Net-(LED12-DOUT)'), ('Net-(D18-A)', 'Net-(D24-A)'), ('unconnected-(LED1-DO-Pad1)', 'unconnected-(LED2-DO-Pad1)'), ('/left/LED', '/right/LED'), ('Net-(LED21-DOUT)', 'Net-(LED22-DOUT)'), ('Net-(D30-A)', 'Net-(D36-A)'), ('/left/UART_RX', '/right/UART_RX'), ('/left/SCL', '/right/SCL'), ('Net-(D1-A)', 'Net-(D2-A)'), ('/left/UART_TX', '/right/UART_TX'), ('Net-(D52-A)', 'Net-(D56-A)'), ('Net-(D17-A)', 'Net-(D23-A)'), ('/left/COL4', '/right/COL4'), ('Net-(LED31-DOUT)', 'Net-(LED43-DOUT)'), ('Net-(D40-A)', 'Net-(D46-A)'), ('Net-(LED11-DIN)', 'Net-(LED10-DOUT)'), ('Net-(D29-A)', 'Net-(D35-A)'), ('Net-(LED28-DOUT)', 'Net-(LED40-DOUT)'), ('Net-(D27-A)', 'Net-(D33-A)'), ('Net-(D49-A)', 'Net-(D53-A)'), ('Net-(LED7-DOUT)', 'Net-(LED10-DIN)'), ('Net-(D13-A)', 'Net-(D19-A)'), ('Net-(D25-A)', 'Net-(D31-A)'), ('/left/ROW1', '/right/ROW1'), ('Net-(D14-A)', 'Net-(D20-A)'), ('/left/ROW0', '/right/ROW0'), ('Net-(LED51-DOUT)', 'Net-(LED63-DOUT)'), ('Net-(D28-A)', 'Net-(D34-A)'), ('/left/ROW4', '/right/ROW4'), ('Net-(LED29-DOUT)', 'Net-(LED41-DOUT)'), ('Net-(LED53-DOUT)', 'Net-(LED65-DOUT)'), ('Net-(D7-A)', 'Net-(D8-A)'), ('unconnected-(U5-P1.01-Pad27)', 'unconnected-(U6-P1.01-Pad27)'), ('/left/SDA', '/right/SDA'), ('/left/COL3', '/right/COL3'), ('Net-(D57-A)', 'Net-(D58-A)'), ('/left/COL2', '/right/COL2'), ('Net-(LED34-DIN)', 'Net-(LED46-DIN)'), ('Net-(D39-A)', 'Net-(D45-A)'), ('Net-(D51-A)', 'Net-(D55-A)'), ('Net-(D50-A)', 'Net-(D54-A)'), ('Net-(D26-A)', 'Net-(D32-A)'), ('Net-(LED30-DIN)', 'Net-(LED42-DIN)'), ('Net-(LED17-DOUT)', 'Net-(LED18-DOUT)'), ('Net-(LED3-DOUT)', 'Net-(LED4-DOUT)'), ('Net-(LED37-DOUT)', 'Net-(LED49-DOUT)'), ('Net-(LED23-DOUT)', 'Net-(LED24-DOUT)'), ('/left/LED_STATUS', '/right/LED_STATUS'), ('Net-(D37-A)', 'Net-(D43-A)'), ('Net-(D16-A)', 'Net-(D22-A)'), ('Net-(LED5-DOUT)', 'Net-(LED6-DOUT)'), ('/left/ROW3', '/right/ROW3'), ('Net-(LED3-DIN)', 'Net-(LED4-DIN)'), ('Net-(LED1-DI)', 'Net-(LED2-DI)')]
01-09 22:36:18 root 345:updating GUI with: 0
01-09 22:36:18 root 340:updating GUI message: 'Replicating zones'
01-09 22:36:18 com_github_MitjaNemec_ReplicateLayout.replicate_layout 1084:Replicating zones
01-09 22:36:18 com_github_MitjaNemec_ReplicateLayout.replicate_layout 1091:Replicating zones on sheet ['/right/']
01-09 22:36:18 com_github_MitjaNemec_ReplicateLayout.replicate_layout 835:Src fp.id: '756CB421-F0CA-41F6-8038-F09E4E57E03F'
01-09 22:36:18 com_github_MitjaNemec_ReplicateLayout.replicate_layout 839:Dst fp.id: '756CB421-F0CA-41F6-8038-F09E4E57E03F'
01-09 22:36:18 com_github_MitjaNemec_ReplicateLayout.replicate_layout 776:Significant difference between src net: ['', 'left', 'ROW1'] and dst net: ['', 'right', 'ROW1'], with src_net_depth=3, dst_net_depth=3, src_fp_depth=1, dst_fp_depth=1, match level 0.74
01-09 22:36:18 com_github_MitjaNemec_ReplicateLayout.replicate_layout 776:Significant difference between src net: ['', 'left', 'ROW1'] and dst net: ['', 'right', 'ROW1'], with src_net_depth=3, dst_net_depth=3, src_fp_depth=1, dst_fp_depth=1, match level 0.74
01-09 22:36:18 com_github_MitjaNemec_ReplicateLayout.replicate_layout 776:Significant difference between src net: ['', 'left', 'ROW0'] and dst net: ['', 'right', 'ROW0'], with src_net_depth=3, dst_net_depth=3, src_fp_depth=1, dst_fp_depth=1, match level 0.74
01-09 22:36:18 com_github_MitjaNemec_ReplicateLayout.replicate_layout 776:Significant difference between src net: ['', 'left', 'ROW0'] and dst net: ['', 'right', 'ROW0'], with src_net_depth=3, dst_net_depth=3, src_fp_depth=1, dst_fp_depth=1, match level 0.74
01-09 22:36:18 com_github_MitjaNemec_ReplicateLayout.replicate_layout 776:Significant difference between src net: ['', 'left', 'ROW0'] and dst net: ['', 'right', 'ROW0'], with src_net_depth=3, dst_net_depth=3, src_fp_depth=1, dst_fp_depth=1, match level 0.74
01-09 22:36:18 com_github_MitjaNemec_ReplicateLayout.replicate_layout 776:Significant difference between src net: ['', 'left', 'ROW1'] and dst net: ['', 'right', 'ROW1'], with src_net_depth=3, dst_net_depth=3, src_fp_depth=1, dst_fp_depth=1, match level 0.74
01-09 22:36:18 com_github_MitjaNemec_ReplicateLayout.replicate_layout 776:Significant difference between src net: ['', 'left', 'ROW1'] and dst net: ['', 'right', 'ROW1'], with src_net_depth=3, dst_net_depth=3, src_fp_depth=1, dst_fp_depth=1, match level 0.74
01-09 22:36:18 com_github_MitjaNemec_ReplicateLayout.replicate_layout 776:Significant difference between src net: ['', 'left', 'ROW0'] and dst net: ['', 'right', 'ROW0'], with src_net_depth=3, dst_net_depth=3, src_fp_depth=1, dst_fp_depth=1, match level 0.74
01-09 22:36:18 com_github_MitjaNemec_ReplicateLayout.replicate_layout 776:Significant difference between src net: ['', 'left', 'ROW1'] and dst net: ['', 'right', 'ROW1'], with src_net_depth=3, dst_net_depth=3, src_fp_depth=1, dst_fp_depth=1, match level 0.74
01-09 22:36:18 com_github_MitjaNemec_ReplicateLayout.replicate_layout 776:Significant difference between src net: ['', 'left', 'ROW1'] and dst net: ['', 'right', 'ROW1'], with src_net_depth=3, dst_net_depth=3, src_fp_depth=1, dst_fp_depth=1, match level 0.74
01-09 22:36:18 com_github_MitjaNemec_ReplicateLayout.replicate_layout 776:Significant difference between src net: ['', 'left', 'ROW0'] and dst net: ['', 'right', 'ROW0'], with src_net_depth=3, dst_net_depth=3, src_fp_depth=1, dst_fp_depth=1, match level 0.74
01-09 22:36:18 com_github_MitjaNemec_ReplicateLayout.replicate_layout 776:Significant difference between src net: ['', 'left', 'VCC'] and dst net: ['', 'right', 'VCC'], with src_net_depth=3, dst_net_depth=3, src_fp_depth=1, dst_fp_depth=1, match level 0.74
01-09 22:36:18 com_github_MitjaNemec_ReplicateLayout.replicate_layout 776:Significant difference between src net: ['', 'left', 'VCC'] and dst net: ['', 'right', 'VCC'], with src_net_depth=3, dst_net_depth=3, src_fp_depth=1, dst_fp_depth=1, match level 0.74
01-09 22:36:18 com_github_MitjaNemec_ReplicateLayout.replicate_layout 776:Significant difference between src net: ['', 'left', 'VCC'] and dst net: ['', 'right', 'VCC'], with src_net_depth=3, dst_net_depth=3, src_fp_depth=1, dst_fp_depth=1, match level 0.74
01-09 22:36:18 com_github_MitjaNemec_ReplicateLayout.replicate_layout 776:Significant difference between src net: ['', 'left', 'VCC'] and dst net: ['', 'right', 'VCC'], with src_net_depth=3, dst_net_depth=3, src_fp_depth=1, dst_fp_depth=1, match level 0.74
01-09 22:36:18 com_github_MitjaNemec_ReplicateLayout.replicate_layout 776:Significant difference between src net: ['', 'left', 'VCC'] and dst net: ['', 'right', 'VCC'], with src_net_depth=3, dst_net_depth=3, src_fp_depth=1, dst_fp_depth=1, match level 0.74
01-09 22:36:18 com_github_MitjaNemec_ReplicateLayout.replicate_layout 776:Significant difference between src net: ['', 'left', 'ROW0'] and dst net: ['', 'right', 'ROW0'], with src_net_depth=3, dst_net_depth=3, src_fp_depth=1, dst_fp_depth=1, match level 0.74
01-09 22:36:18 com_github_MitjaNemec_ReplicateLayout.replicate_layout 776:Significant difference between src net: ['', 'left', 'VCC'] and dst net: ['', 'right', 'VCC'], with src_net_depth=3, dst_net_depth=3, src_fp_depth=1, dst_fp_depth=1, match level 0.74
01-09 22:36:18 com_github_MitjaNemec_ReplicateLayout.replicate_layout 776:Significant difference between src net: ['', 'left', 'VCC'] and dst net: ['', 'right', 'VCC'], with src_net_depth=3, dst_net_depth=3, src_fp_depth=1, dst_fp_depth=1, match level 0.74
01-09 22:36:18 com_github_MitjaNemec_ReplicateLayout.replicate_layout 776:Significant difference between src net: ['', 'left', 'VCC'] and dst net: ['', 'right', 'VCC'], with src_net_depth=3, dst_net_depth=3, src_fp_depth=1, dst_fp_depth=1, match level 0.74
01-09 22:36:18 com_github_MitjaNemec_ReplicateLayout.replicate_layout 776:Significant difference between src net: ['', 'left', 'VCC'] and dst net: ['', 'right', 'VCC'], with src_net_depth=3, dst_net_depth=3, src_fp_depth=1, dst_fp_depth=1, match level 0.74
01-09 22:36:18 com_github_MitjaNemec_ReplicateLayout.replicate_layout 776:Significant difference between src net: ['', 'left', 'VCC'] and dst net: ['', 'right', 'VCC'], with src_net_depth=3, dst_net_depth=3, src_fp_depth=1, dst_fp_depth=1, match level 0.74
01-09 22:36:18 com_github_MitjaNemec_ReplicateLayout.replicate_layout 776:Significant difference between src net: ['', 'left', 'VCC'] and dst net: ['', 'right', 'VCC'], with src_net_depth=3, dst_net_depth=3, src_fp_depth=1, dst_fp_depth=1, match level 0.74
01-09 22:36:18 com_github_MitjaNemec_ReplicateLayout.replicate_layout 776:Significant difference between src net: ['', 'left', 'VCC'] and dst net: ['', 'right', 'VCC'], with src_net_depth=3, dst_net_depth=3, src_fp_depth=1, dst_fp_depth=1, match level 0.74
01-09 22:36:18 com_github_MitjaNemec_ReplicateLayout.replicate_layout 776:Significant difference between src net: ['', 'left', 'VCC'] and dst net: ['', 'right', 'VCC'], with src_net_depth=3, dst_net_depth=3, src_fp_depth=1, dst_fp_depth=1, match level 0.74
01-09 22:36:18 com_github_MitjaNemec_ReplicateLayout.replicate_layout 776:Significant difference between src net: ['', 'left', 'VCC'] and dst net: ['', 'right', 'VCC'], with src_net_depth=3, dst_net_depth=3, src_fp_depth=1, dst_fp_depth=1, match level 0.74
01-09 22:36:18 com_github_MitjaNemec_ReplicateLayout.replicate_layout 776:Significant difference between src net: ['', 'left', 'VCC'] and dst net: ['', 'right', 'VCC'], with src_net_depth=3, dst_net_depth=3, src_fp_depth=1, dst_fp_depth=1, match level 0.74
01-09 22:36:18 com_github_MitjaNemec_ReplicateLayout.replicate_layout 776:Significant difference between src net: ['', 'left', 'VCC'] and dst net: ['', 'right', 'VCC'], with src_net_depth=3, dst_net_depth=3, src_fp_depth=1, dst_fp_depth=1, match level 0.74
01-09 22:36:18 com_github_MitjaNemec_ReplicateLayout.replicate_layout 776:Significant difference between src net: ['', 'left', 'VCC'] and dst net: ['', 'right', 'VCC'], with src_net_depth=3, dst_net_depth=3, src_fp_depth=1, dst_fp_depth=1, match level 0.74
01-09 22:36:18 com_github_MitjaNemec_ReplicateLayout.replicate_layout 776:Significant difference between src net: ['', 'left', 'VCC'] and dst net: ['', 'right', 'VCC'], with src_net_depth=3, dst_net_depth=3, src_fp_depth=1, dst_fp_depth=1, match level 0.74
01-09 22:36:18 com_github_MitjaNemec_ReplicateLayout.replicate_layout 776:Significant difference between src net: ['', 'left', 'VCC'] and dst net: ['', 'right', 'VCC'], with src_net_depth=3, dst_net_depth=3, src_fp_depth=1, dst_fp_depth=1, match level 0.74
01-09 22:36:18 com_github_MitjaNemec_ReplicateLayout.replicate_layout 776:Significant difference between src net: ['', 'left', 'VCC'] and dst net: ['', 'right', 'VCC'], with src_net_depth=3, dst_net_depth=3, src_fp_depth=1, dst_fp_depth=1, match level 0.74
01-09 22:36:18 com_github_MitjaNemec_ReplicateLayout.replicate_layout 776:Significant difference between src net: ['', 'left', 'VCC'] and dst net: ['', 'right', 'VCC'], with src_net_depth=3, dst_net_depth=3, src_fp_depth=1, dst_fp_depth=1, match level 0.74
01-09 22:36:18 com_github_MitjaNemec_ReplicateLayout.replicate_layout 776:Significant difference between src net: ['', 'left', 'VCC'] and dst net: ['', 'right', 'VCC'], with src_net_depth=3, dst_net_depth=3, src_fp_depth=1, dst_fp_depth=1, match level 0.74
01-09 22:36:18 com_github_MitjaNemec_ReplicateLayout.replicate_layout 776:Significant difference between src net: ['', 'left', 'VCC'] and dst net: ['', 'right', 'VCC'], with src_net_depth=3, dst_net_depth=3, src_fp_depth=1, dst_fp_depth=1, match level 0.74
01-09 22:36:18 com_github_MitjaNemec_ReplicateLayout.replicate_layout 776:Significant difference between src net: ['', 'left', 'VCC'] and dst net: ['', 'right', 'VCC'], with src_net_depth=3, dst_net_depth=3, src_fp_depth=1, dst_fp_depth=1, match level 0.74
01-09 22:36:18 com_github_MitjaNemec_ReplicateLayout.replicate_layout 776:Significant difference between src net: ['', 'left', 'VCC'] and dst net: ['', 'right', 'VCC'], with src_net_depth=3, dst_net_depth=3, src_fp_depth=1, dst_fp_depth=1, match level 0.74
01-09 22:36:18 com_github_MitjaNemec_ReplicateLayout.replicate_layout 776:Significant difference between src net: ['', 'left', 'VCC'] and dst net: ['', 'right', 'VCC'], with src_net_depth=3, dst_net_depth=3, src_fp_depth=1, dst_fp_depth=1, match level 0.74
01-09 22:36:18 com_github_MitjaNemec_ReplicateLayout.replicate_layout 776:Significant difference between src net: ['', 'left', 'VCC'] and dst net: ['', 'right', 'VCC'], with src_net_depth=3, dst_net_depth=3, src_fp_depth=1, dst_fp_depth=1, match level 0.74
01-09 22:36:18 com_github_MitjaNemec_ReplicateLayout.replicate_layout 776:Significant difference between src net: ['', 'left', 'VCC'] and dst net: ['', 'right', 'VCC'], with src_net_depth=3, dst_net_depth=3, src_fp_depth=1, dst_fp_depth=1, match level 0.74
01-09 22:36:18 com_github_MitjaNemec_ReplicateLayout.replicate_layout 776:Significant difference between src net: ['', 'left', 'VCC'] and dst net: ['', 'right', 'VCC'], with src_net_depth=3, dst_net_depth=3, src_fp_depth=1, dst_fp_depth=1, match level 0.74
01-09 22:36:18 com_github_MitjaNemec_ReplicateLayout.replicate_layout 776:Significant difference between src net: ['', 'left', 'COL5'] and dst net: ['', 'right', 'COL5'], with src_net_depth=3, dst_net_depth=3, src_fp_depth=1, dst_fp_depth=1, match level 0.74
01-09 22:36:18 com_github_MitjaNemec_ReplicateLayout.replicate_layout 776:Significant difference between src net: ['', 'left', 'COL4'] and dst net: ['', 'right', 'COL4'], with src_net_depth=3, dst_net_depth=3, src_fp_depth=1, dst_fp_depth=1, match level 0.74
01-09 22:36:18 com_github_MitjaNemec_ReplicateLayout.replicate_layout 776:Significant difference between src net: ['', 'left', 'COL3'] and dst net: ['', 'right', 'COL3'], with src_net_depth=3, dst_net_depth=3, src_fp_depth=1, dst_fp_depth=1, match level 0.74
01-09 22:36:18 com_github_MitjaNemec_ReplicateLayout.replicate_layout 776:Significant difference between src net: ['', 'left', 'COL2'] and dst net: ['', 'right', 'COL2'], with src_net_depth=3, dst_net_depth=3, src_fp_depth=1, dst_fp_depth=1, match level 0.74
01-09 22:36:18 com_github_MitjaNemec_ReplicateLayout.replicate_layout 776:Significant difference between src net: ['', 'left', 'COL1'] and dst net: ['', 'right', 'COL1'], with src_net_depth=3, dst_net_depth=3, src_fp_depth=1, dst_fp_depth=1, match level 0.74
01-09 22:36:18 com_github_MitjaNemec_ReplicateLayout.replicate_layout 776:Significant difference between src net: ['', 'left', 'COL0'] and dst net: ['', 'right', 'COL0'], with src_net_depth=3, dst_net_depth=3, src_fp_depth=1, dst_fp_depth=1, match level 0.74
01-09 22:36:18 com_github_MitjaNemec_ReplicateLayout.replicate_layout 776:Significant difference between src net: ['', 'left', 'COL3'] and dst net: ['', 'right', 'COL3'], with src_net_depth=3, dst_net_depth=3, src_fp_depth=1, dst_fp_depth=1, match level 0.74
01-09 22:36:18 com_github_MitjaNemec_ReplicateLayout.replicate_layout 776:Significant difference between src net: ['', 'left', 'COL2'] and dst net: ['', 'right', 'COL2'], with src_net_depth=3, dst_net_depth=3, src_fp_depth=1, dst_fp_depth=1, match level 0.74
01-09 22:36:18 com_github_MitjaNemec_ReplicateLayout.replicate_layout 776:Significant difference between src net: ['', 'left', 'COL5'] and dst net: ['', 'right', 'COL5'], with src_net_depth=3, dst_net_depth=3, src_fp_depth=1, dst_fp_depth=1, match level 0.74
01-09 22:36:18 com_github_MitjaNemec_ReplicateLayout.replicate_layout 776:Significant difference between src net: ['', 'left', 'COL4'] and dst net: ['', 'right', 'COL4'], with src_net_depth=3, dst_net_depth=3, src_fp_depth=1, dst_fp_depth=1, match level 0.74
01-09 22:36:18 com_github_MitjaNemec_ReplicateLayout.replicate_layout 776:Significant difference between src net: ['', 'left', 'COL1'] and dst net: ['', 'right', 'COL1'], with src_net_depth=3, dst_net_depth=3, src_fp_depth=1, dst_fp_depth=1, match level 0.74
01-09 22:36:18 com_github_MitjaNemec_ReplicateLayout.replicate_layout 776:Significant difference between src net: ['', 'left', 'COL0'] and dst net: ['', 'right', 'COL0'], with src_net_depth=3, dst_net_depth=3, src_fp_depth=1, dst_fp_depth=1, match level 0.74
01-09 22:36:18 com_github_MitjaNemec_ReplicateLayout.replicate_layout 776:Significant difference between src net: ['', 'left', 'LED'] and dst net: ['', 'right', 'LED'], with src_net_depth=3, dst_net_depth=3, src_fp_depth=1, dst_fp_depth=1, match level 0.74
01-09 22:36:18 com_github_MitjaNemec_ReplicateLayout.replicate_layout 776:Significant difference between src net: ['', 'left', 'VCC'] and dst net: ['', 'right', 'VCC'], with src_net_depth=3, dst_net_depth=3, src_fp_depth=1, dst_fp_depth=1, match level 0.74
01-09 22:36:18 com_github_MitjaNemec_ReplicateLayout.replicate_layout 776:Significant difference between src net: ['', 'left', 'VCC'] and dst net: ['', 'right', 'VCC'], with src_net_depth=3, dst_net_depth=3, src_fp_depth=1, dst_fp_depth=1, match level 0.74
01-09 22:36:18 com_github_MitjaNemec_ReplicateLayout.replicate_layout 776:Significant difference between src net: ['', 'left', 'VCC'] and dst net: ['', 'right', 'VCC'], with src_net_depth=3, dst_net_depth=3, src_fp_depth=1, dst_fp_depth=1, match level 0.74
01-09 22:36:18 com_github_MitjaNemec_ReplicateLayout.replicate_layout 776:Significant difference between src net: ['', 'left', 'VBAT'] and dst net: ['', 'right', 'VBAT'], with src_net_depth=3, dst_net_depth=3, src_fp_depth=1, dst_fp_depth=1, match level 0.74
01-09 22:36:18 com_github_MitjaNemec_ReplicateLayout.replicate_layout 776:Significant difference between src net: ['', 'left', 'BT_PIN'] and dst net: ['', 'right', 'BT_PIN'], with src_net_depth=3, dst_net_depth=3, src_fp_depth=1, dst_fp_depth=1, match level 0.74
01-09 22:36:18 com_github_MitjaNemec_ReplicateLayout.replicate_layout 776:Significant difference between src net: ['', 'left', 'VCC'] and dst net: ['', 'right', 'VCC'], with src_net_depth=3, dst_net_depth=3, src_fp_depth=1, dst_fp_depth=1, match level 0.74
01-09 22:36:18 com_github_MitjaNemec_ReplicateLayout.replicate_layout 776:Significant difference between src net: ['', 'left', 'LED_STATUS'] and dst net: ['', 'right', 'LED_STATUS'], with src_net_depth=3, dst_net_depth=3, src_fp_depth=1, dst_fp_depth=1, match level 0.74
01-09 22:36:18 com_github_MitjaNemec_ReplicateLayout.replicate_layout 776:Significant difference between src net: ['', 'left', 'VCC'] and dst net: ['', 'right', 'VCC'], with src_net_depth=3, dst_net_depth=3, src_fp_depth=1, dst_fp_depth=1, match level 0.74
01-09 22:36:18 com_github_MitjaNemec_ReplicateLayout.replicate_layout 776:Significant difference between src net: ['', 'left', 'BT_PIN'] and dst net: ['', 'right', 'BT_PIN'], with src_net_depth=3, dst_net_depth=3, src_fp_depth=1, dst_fp_depth=1, match level 0.74
01-09 22:36:18 com_github_MitjaNemec_ReplicateLayout.replicate_layout 776:Significant difference between src net: ['', 'left', 'VCC'] and dst net: ['', 'right', 'VCC'], with src_net_depth=3, dst_net_depth=3, src_fp_depth=1, dst_fp_depth=1, match level 0.74
01-09 22:36:18 com_github_MitjaNemec_ReplicateLayout.replicate_layout 776:Significant difference between src net: ['', 'left', 'VCC'] and dst net: ['', 'right', 'VCC'], with src_net_depth=3, dst_net_depth=3, src_fp_depth=1, dst_fp_depth=1, match level 0.74
01-09 22:36:18 com_github_MitjaNemec_ReplicateLayout.replicate_layout 776:Significant difference between src net: ['', 'left', 'VCC'] and dst net: ['', 'right', 'VCC'], with src_net_depth=3, dst_net_depth=3, src_fp_depth=1, dst_fp_depth=1, match level 0.74
01-09 22:36:18 com_github_MitjaNemec_ReplicateLayout.replicate_layout 776:Significant difference between src net: ['', 'left', 'VCC'] and dst net: ['', 'right', 'VCC'], with src_net_depth=3, dst_net_depth=3, src_fp_depth=1, dst_fp_depth=1, match level 0.74
01-09 22:36:18 com_github_MitjaNemec_ReplicateLayout.replicate_layout 776:Significant difference between src net: ['', 'left', 'VCC'] and dst net: ['', 'right', 'VCC'], with src_net_depth=3, dst_net_depth=3, src_fp_depth=1, dst_fp_depth=1, match level 0.74
01-09 22:36:18 com_github_MitjaNemec_ReplicateLayout.replicate_layout 776:Significant difference between src net: ['', 'left', 'VCC'] and dst net: ['', 'right', 'VCC'], with src_net_depth=3, dst_net_depth=3, src_fp_depth=1, dst_fp_depth=1, match level 0.74
01-09 22:36:18 com_github_MitjaNemec_ReplicateLayout.replicate_layout 776:Significant difference between src net: ['', 'left', 'VCC'] and dst net: ['', 'right', 'VCC'], with src_net_depth=3, dst_net_depth=3, src_fp_depth=1, dst_fp_depth=1, match level 0.74
01-09 22:36:18 com_github_MitjaNemec_ReplicateLayout.replicate_layout 776:Significant difference between src net: ['', 'left', 'VCC'] and dst net: ['', 'right', 'VCC'], with src_net_depth=3, dst_net_depth=3, src_fp_depth=1, dst_fp_depth=1, match level 0.74
01-09 22:36:18 com_github_MitjaNemec_ReplicateLayout.replicate_layout 776:Significant difference between src net: ['', 'left', 'VCC'] and dst net: ['', 'right', 'VCC'], with src_net_depth=3, dst_net_depth=3, src_fp_depth=1, dst_fp_depth=1, match level 0.74
01-09 22:36:18 com_github_MitjaNemec_ReplicateLayout.replicate_layout 776:Significant difference between src net: ['', 'left', 'VCC'] and dst net: ['', 'right', 'VCC'], with src_net_depth=3, dst_net_depth=3, src_fp_depth=1, dst_fp_depth=1, match level 0.74
01-09 22:36:18 com_github_MitjaNemec_ReplicateLayout.replicate_layout 776:Significant difference between src net: ['', 'left', 'VCC'] and dst net: ['', 'right', 'VCC'], with src_net_depth=3, dst_net_depth=3, src_fp_depth=1, dst_fp_depth=1, match level 0.74
01-09 22:36:18 com_github_MitjaNemec_ReplicateLayout.replicate_layout 776:Significant difference between src net: ['', 'left', 'VCC'] and dst net: ['', 'right', 'VCC'], with src_net_depth=3, dst_net_depth=3, src_fp_depth=1, dst_fp_depth=1, match level 0.74
01-09 22:36:18 com_github_MitjaNemec_ReplicateLayout.replicate_layout 776:Significant difference between src net: ['', 'left', 'VCC'] and dst net: ['', 'right', 'VCC'], with src_net_depth=3, dst_net_depth=3, src_fp_depth=1, dst_fp_depth=1, match level 0.74
01-09 22:36:18 com_github_MitjaNemec_ReplicateLayout.replicate_layout 776:Significant difference between src net: ['', 'left', 'VCC'] and dst net: ['', 'right', 'VCC'], with src_net_depth=3, dst_net_depth=3, src_fp_depth=1, dst_fp_depth=1, match level 0.74
01-09 22:36:18 com_github_MitjaNemec_ReplicateLayout.replicate_layout 776:Significant difference between src net: ['', 'left', 'VCC'] and dst net: ['', 'right', 'VCC'], with src_net_depth=3, dst_net_depth=3, src_fp_depth=1, dst_fp_depth=1, match level 0.74
01-09 22:36:18 com_github_MitjaNemec_ReplicateLayout.replicate_layout 776:Significant difference between src net: ['', 'left', 'VCC'] and dst net: ['', 'right', 'VCC'], with src_net_depth=3, dst_net_depth=3, src_fp_depth=1, dst_fp_depth=1, match level 0.74
01-09 22:36:18 com_github_MitjaNemec_ReplicateLayout.replicate_layout 776:Significant difference between src net: ['', 'left', 'VCC'] and dst net: ['', 'right', 'VCC'], with src_net_depth=3, dst_net_depth=3, src_fp_depth=1, dst_fp_depth=1, match level 0.74
01-09 22:36:18 com_github_MitjaNemec_ReplicateLayout.replicate_layout 776:Significant difference between src net: ['', 'left', 'VCC'] and dst net: ['', 'right', 'VCC'], with src_net_depth=3, dst_net_depth=3, src_fp_depth=1, dst_fp_depth=1, match level 0.74
01-09 22:36:18 com_github_MitjaNemec_ReplicateLayout.replicate_layout 776:Significant difference between src net: ['', 'left', 'VCC'] and dst net: ['', 'right', 'VCC'], with src_net_depth=3, dst_net_depth=3, src_fp_depth=1, dst_fp_depth=1, match level 0.74
01-09 22:36:18 com_github_MitjaNemec_ReplicateLayout.replicate_layout 776:Significant difference between src net: ['', 'left', 'VCC'] and dst net: ['', 'right', 'VCC'], with src_net_depth=3, dst_net_depth=3, src_fp_depth=1, dst_fp_depth=1, match level 0.74
01-09 22:36:18 com_github_MitjaNemec_ReplicateLayout.replicate_layout 776:Significant difference between src net: ['', 'left', 'VCC'] and dst net: ['', 'right', 'VCC'], with src_net_depth=3, dst_net_depth=3, src_fp_depth=1, dst_fp_depth=1, match level 0.74
01-09 22:36:18 com_github_MitjaNemec_ReplicateLayout.replicate_layout 776:Significant difference between src net: ['', 'left', 'VCC'] and dst net: ['', 'right', 'VCC'], with src_net_depth=3, dst_net_depth=3, src_fp_depth=1, dst_fp_depth=1, match level 0.74
01-09 22:36:18 com_github_MitjaNemec_ReplicateLayout.replicate_layout 776:Significant difference between src net: ['', 'left', 'VCC'] and dst net: ['', 'right', 'VCC'], with src_net_depth=3, dst_net_depth=3, src_fp_depth=1, dst_fp_depth=1, match level 0.74
01-09 22:36:18 com_github_MitjaNemec_ReplicateLayout.replicate_layout 776:Significant difference between src net: ['', 'left', 'SDA'] and dst net: ['', 'right', 'SDA'], with src_net_depth=3, dst_net_depth=3, src_fp_depth=1, dst_fp_depth=1, match level 0.74
01-09 22:36:18 com_github_MitjaNemec_ReplicateLayout.replicate_layout 776:Significant difference between src net: ['', 'left', 'SCL'] and dst net: ['', 'right', 'SCL'], with src_net_depth=3, dst_net_depth=3, src_fp_depth=1, dst_fp_depth=1, match level 0.74
01-09 22:36:18 com_github_MitjaNemec_ReplicateLayout.replicate_layout 776:Significant difference between src net: ['', 'left', 'VCC'] and dst net: ['', 'right', 'VCC'], with src_net_depth=3, dst_net_depth=3, src_fp_depth=1, dst_fp_depth=1, match level 0.74
01-09 22:36:18 com_github_MitjaNemec_ReplicateLayout.replicate_layout 776:Significant difference between src net: ['', 'left', 'VCC'] and dst net: ['', 'right', 'VCC'], with src_net_depth=3, dst_net_depth=3, src_fp_depth=1, dst_fp_depth=1, match level 0.74
01-09 22:36:18 com_github_MitjaNemec_ReplicateLayout.replicate_layout 776:Significant difference between src net: ['', 'left', 'ROW4'] and dst net: ['', 'right', 'ROW4'], with src_net_depth=3, dst_net_depth=3, src_fp_depth=1, dst_fp_depth=1, match level 0.74
01-09 22:36:18 com_github_MitjaNemec_ReplicateLayout.replicate_layout 776:Significant difference between src net: ['', 'left', 'ROW3'] and dst net: ['', 'right', 'ROW3'], with src_net_depth=3, dst_net_depth=3, src_fp_depth=1, dst_fp_depth=1, match level 0.74
01-09 22:36:18 com_github_MitjaNemec_ReplicateLayout.replicate_layout 776:Significant difference between src net: ['', 'left', 'ROW4'] and dst net: ['', 'right', 'ROW4'], with src_net_depth=3, dst_net_depth=3, src_fp_depth=1, dst_fp_depth=1, match level 0.74
01-09 22:36:18 com_github_MitjaNemec_ReplicateLayout.replicate_layout 776:Significant difference between src net: ['', 'left', 'ROW4'] and dst net: ['', 'right', 'ROW4'], with src_net_depth=3, dst_net_depth=3, src_fp_depth=1, dst_fp_depth=1, match level 0.74
01-09 22:36:18 com_github_MitjaNemec_ReplicateLayout.replicate_layout 776:Significant difference between src net: ['', 'left', 'ROW3'] and dst net: ['', 'right', 'ROW3'], with src_net_depth=3, dst_net_depth=3, src_fp_depth=1, dst_fp_depth=1, match level 0.74
01-09 22:36:18 com_github_MitjaNemec_ReplicateLayout.replicate_layout 776:Significant difference between src net: ['', 'left', 'ROW4'] and dst net: ['', 'right', 'ROW4'], with src_net_depth=3, dst_net_depth=3, src_fp_depth=1, dst_fp_depth=1, match level 0.74
01-09 22:36:18 com_github_MitjaNemec_ReplicateLayout.replicate_layout 776:Significant difference between src net: ['', 'left', 'ROW4'] and dst net: ['', 'right', 'ROW4'], with src_net_depth=3, dst_net_depth=3, src_fp_depth=1, dst_fp_depth=1, match level 0.74
01-09 22:36:18 com_github_MitjaNemec_ReplicateLayout.replicate_layout 776:Significant difference between src net: ['', 'left', 'ROW3'] and dst net: ['', 'right', 'ROW3'], with src_net_depth=3, dst_net_depth=3, src_fp_depth=1, dst_fp_depth=1, match level 0.74
01-09 22:36:18 com_github_MitjaNemec_ReplicateLayout.replicate_layout 776:Significant difference between src net: ['', 'left', 'ROW2'] and dst net: ['', 'right', 'ROW2'], with src_net_depth=3, dst_net_depth=3, src_fp_depth=1, dst_fp_depth=1, match level 0.74
01-09 22:36:18 com_github_MitjaNemec_ReplicateLayout.replicate_layout 776:Significant difference between src net: ['', 'left', 'ROW2'] and dst net: ['', 'right', 'ROW2'], with src_net_depth=3, dst_net_depth=3, src_fp_depth=1, dst_fp_depth=1, match level 0.74
01-09 22:36:18 com_github_MitjaNemec_ReplicateLayout.replicate_layout 776:Significant difference between src net: ['', 'left', 'ROW2'] and dst net: ['', 'right', 'ROW2'], with src_net_depth=3, dst_net_depth=3, src_fp_depth=1, dst_fp_depth=1, match level 0.74
01-09 22:36:18 com_github_MitjaNemec_ReplicateLayout.replicate_layout 776:Significant difference between src net: ['', 'left', 'ROW2'] and dst net: ['', 'right', 'ROW2'], with src_net_depth=3, dst_net_depth=3, src_fp_depth=1, dst_fp_depth=1, match level 0.74
01-09 22:36:18 com_github_MitjaNemec_ReplicateLayout.replicate_layout 776:Significant difference between src net: ['', 'left', 'ROW3'] and dst net: ['', 'right', 'ROW3'], with src_net_depth=3, dst_net_depth=3, src_fp_depth=1, dst_fp_depth=1, match level 0.74
01-09 22:36:18 com_github_MitjaNemec_ReplicateLayout.replicate_layout 776:Significant difference between src net: ['', 'left', 'ROW2'] and dst net: ['', 'right', 'ROW2'], with src_net_depth=3, dst_net_depth=3, src_fp_depth=1, dst_fp_depth=1, match level 0.74
01-09 22:36:18 com_github_MitjaNemec_ReplicateLayout.replicate_layout 776:Significant difference between src net: ['', 'left', 'ROW3'] and dst net: ['', 'right', 'ROW3'], with src_net_depth=3, dst_net_depth=3, src_fp_depth=1, dst_fp_depth=1, match level 0.74
01-09 22:36:18 com_github_MitjaNemec_ReplicateLayout.replicate_layout 776:Significant difference between src net: ['', 'left', 'ROW3'] and dst net: ['', 'right', 'ROW3'], with src_net_depth=3, dst_net_depth=3, src_fp_depth=1, dst_fp_depth=1, match level 0.74
01-09 22:36:18 com_github_MitjaNemec_ReplicateLayout.replicate_layout 776:Significant difference between src net: ['', 'left', 'ROW2'] and dst net: ['', 'right', 'ROW2'], with src_net_depth=3, dst_net_depth=3, src_fp_depth=1, dst_fp_depth=1, match level 0.74
01-09 22:36:18 com_github_MitjaNemec_ReplicateLayout.replicate_layout 776:Significant difference between src net: ['', 'left', 'VBAT'] and dst net: ['', 'right', 'VBAT'], with src_net_depth=3, dst_net_depth=3, src_fp_depth=1, dst_fp_depth=1, match level 0.74
01-09 22:36:18 com_github_MitjaNemec_ReplicateLayout.replicate_layout 776:Significant difference between src net: ['', 'left', 'UART_RX'] and dst net: ['', 'right', 'UART_RX'], with src_net_depth=3, dst_net_depth=3, src_fp_depth=1, dst_fp_depth=1, match level 0.74
01-09 22:36:18 com_github_MitjaNemec_ReplicateLayout.replicate_layout 776:Significant difference between src net: ['', 'left', 'COL4'] and dst net: ['', 'right', 'COL4'], with src_net_depth=3, dst_net_depth=3, src_fp_depth=1, dst_fp_depth=1, match level 0.74
01-09 22:36:18 com_github_MitjaNemec_ReplicateLayout.replicate_layout 776:Significant difference between src net: ['', 'left', 'COL5'] and dst net: ['', 'right', 'COL5'], with src_net_depth=3, dst_net_depth=3, src_fp_depth=1, dst_fp_depth=1, match level 0.74
01-09 22:36:18 com_github_MitjaNemec_ReplicateLayout.replicate_layout 776:Significant difference between src net: ['', 'left', 'SDA'] and dst net: ['', 'right', 'SDA'], with src_net_depth=3, dst_net_depth=3, src_fp_depth=1, dst_fp_depth=1, match level 0.74
01-09 22:36:18 com_github_MitjaNemec_ReplicateLayout.replicate_layout 776:Significant difference between src net: ['', 'left', 'SCL'] and dst net: ['', 'right', 'SCL'], with src_net_depth=3, dst_net_depth=3, src_fp_depth=1, dst_fp_depth=1, match level 0.74
01-09 22:36:18 com_github_MitjaNemec_ReplicateLayout.replicate_layout 776:Significant difference between src net: ['', 'left', 'VBAT'] and dst net: ['', 'right', 'VBAT'], with src_net_depth=3, dst_net_depth=3, src_fp_depth=1, dst_fp_depth=1, match level 0.74
01-09 22:36:18 com_github_MitjaNemec_ReplicateLayout.replicate_layout 776:Significant difference between src net: ['', 'left', 'VBAT'] and dst net: ['', 'right', 'VBAT'], with src_net_depth=3, dst_net_depth=3, src_fp_depth=1, dst_fp_depth=1, match level 0.74
01-09 22:36:18 com_github_MitjaNemec_ReplicateLayout.replicate_layout 776:Significant difference between src net: ['', 'left', 'VCC'] and dst net: ['', 'right', 'VCC'], with src_net_depth=3, dst_net_depth=3, src_fp_depth=1, dst_fp_depth=1, match level 0.74
01-09 22:36:18 com_github_MitjaNemec_ReplicateLayout.replicate_layout 776:Significant difference between src net: ['', 'left', 'ROW4'] and dst net: ['', 'right', 'ROW4'], with src_net_depth=3, dst_net_depth=3, src_fp_depth=1, dst_fp_depth=1, match level 0.74
01-09 22:36:18 com_github_MitjaNemec_ReplicateLayout.replicate_layout 776:Significant difference between src net: ['', 'left', 'UART_TX'] and dst net: ['', 'right', 'UART_TX'], with src_net_depth=3, dst_net_depth=3, src_fp_depth=1, dst_fp_depth=1, match level 0.74
01-09 22:36:18 com_github_MitjaNemec_ReplicateLayout.replicate_layout 776:Significant difference between src net: ['', 'left', 'ROW3'] and dst net: ['', 'right', 'ROW3'], with src_net_depth=3, dst_net_depth=3, src_fp_depth=1, dst_fp_depth=1, match level 0.74
01-09 22:36:18 com_github_MitjaNemec_ReplicateLayout.replicate_layout 776:Significant difference between src net: ['', 'left', 'ROW2'] and dst net: ['', 'right', 'ROW2'], with src_net_depth=3, dst_net_depth=3, src_fp_depth=1, dst_fp_depth=1, match level 0.74
01-09 22:36:18 com_github_MitjaNemec_ReplicateLayout.replicate_layout 776:Significant difference between src net: ['', 'left', 'ROW1'] and dst net: ['', 'right', 'ROW1'], with src_net_depth=3, dst_net_depth=3, src_fp_depth=1, dst_fp_depth=1, match level 0.74
01-09 22:36:18 com_github_MitjaNemec_ReplicateLayout.replicate_layout 776:Significant difference between src net: ['', 'left', 'ROW0'] and dst net: ['', 'right', 'ROW0'], with src_net_depth=3, dst_net_depth=3, src_fp_depth=1, dst_fp_depth=1, match level 0.74
01-09 22:36:18 com_github_MitjaNemec_ReplicateLayout.replicate_layout 776:Significant difference between src net: ['', 'left', 'LED'] and dst net: ['', 'right', 'LED'], with src_net_depth=3, dst_net_depth=3, src_fp_depth=1, dst_fp_depth=1, match level 0.74
01-09 22:36:18 com_github_MitjaNemec_ReplicateLayout.replicate_layout 776:Significant difference between src net: ['', 'left', 'LED_STATUS'] and dst net: ['', 'right', 'LED_STATUS'], with src_net_depth=3, dst_net_depth=3, src_fp_depth=1, dst_fp_depth=1, match level 0.74
01-09 22:36:18 com_github_MitjaNemec_ReplicateLayout.replicate_layout 776:Significant difference between src net: ['', 'left', 'BT_PIN'] and dst net: ['', 'right', 'BT_PIN'], with src_net_depth=3, dst_net_depth=3, src_fp_depth=1, dst_fp_depth=1, match level 0.74
01-09 22:36:18 com_github_MitjaNemec_ReplicateLayout.replicate_layout 776:Significant difference between src net: ['', 'left', 'COL0'] and dst net: ['', 'right', 'COL0'], with src_net_depth=3, dst_net_depth=3, src_fp_depth=1, dst_fp_depth=1, match level 0.74
01-09 22:36:18 com_github_MitjaNemec_ReplicateLayout.replicate_layout 776:Significant difference between src net: ['', 'left', 'COL1'] and dst net: ['', 'right', 'COL1'], with src_net_depth=3, dst_net_depth=3, src_fp_depth=1, dst_fp_depth=1, match level 0.74
01-09 22:36:18 com_github_MitjaNemec_ReplicateLayout.replicate_layout 776:Significant difference between src net: ['', 'left', 'COL2'] and dst net: ['', 'right', 'COL2'], with src_net_depth=3, dst_net_depth=3, src_fp_depth=1, dst_fp_depth=1, match level 0.74
01-09 22:36:18 com_github_MitjaNemec_ReplicateLayout.replicate_layout 776:Significant difference between src net: ['', 'left', 'COL3'] and dst net: ['', 'right', 'COL3'], with src_net_depth=3, dst_net_depth=3, src_fp_depth=1, dst_fp_depth=1, match level 0.74
01-09 22:36:18 com_github_MitjaNemec_ReplicateLayout.replicate_layout 776:Significant difference between src net: ['', 'left', 'COL1'] and dst net: ['', 'right', 'COL1'], with src_net_depth=3, dst_net_depth=3, src_fp_depth=1, dst_fp_depth=1, match level 0.74
01-09 22:36:18 com_github_MitjaNemec_ReplicateLayout.replicate_layout 776:Significant difference between src net: ['', 'left', 'VBAT'] and dst net: ['', 'right', 'VBAT'], with src_net_depth=3, dst_net_depth=3, src_fp_depth=1, dst_fp_depth=1, match level 0.74
01-09 22:36:18 com_github_MitjaNemec_ReplicateLayout.replicate_layout 776:Significant difference between src net: ['', 'left', 'COL5'] and dst net: ['', 'right', 'COL5'], with src_net_depth=3, dst_net_depth=3, src_fp_depth=1, dst_fp_depth=1, match level 0.74
01-09 22:36:18 com_github_MitjaNemec_ReplicateLayout.replicate_layout 776:Significant difference between src net: ['', 'left', 'COL3'] and dst net: ['', 'right', 'COL3'], with src_net_depth=3, dst_net_depth=3, src_fp_depth=1, dst_fp_depth=1, match level 0.74
01-09 22:36:18 com_github_MitjaNemec_ReplicateLayout.replicate_layout 776:Significant difference between src net: ['', 'left', 'COL4'] and dst net: ['', 'right', 'COL4'], with src_net_depth=3, dst_net_depth=3, src_fp_depth=1, dst_fp_depth=1, match level 0.74
01-09 22:36:18 com_github_MitjaNemec_ReplicateLayout.replicate_layout 776:Significant difference between src net: ['', 'left', 'COL2'] and dst net: ['', 'right', 'COL2'], with src_net_depth=3, dst_net_depth=3, src_fp_depth=1, dst_fp_depth=1, match level 0.74
01-09 22:36:18 com_github_MitjaNemec_ReplicateLayout.replicate_layout 776:Significant difference between src net: ['', 'left', 'COL5'] and dst net: ['', 'right', 'COL5'], with src_net_depth=3, dst_net_depth=3, src_fp_depth=1, dst_fp_depth=1, match level 0.74
01-09 22:36:18 com_github_MitjaNemec_ReplicateLayout.replicate_layout 776:Significant difference between src net: ['', 'left', 'COL4'] and dst net: ['', 'right', 'COL4'], with src_net_depth=3, dst_net_depth=3, src_fp_depth=1, dst_fp_depth=1, match level 0.74
01-09 22:36:18 com_github_MitjaNemec_ReplicateLayout.replicate_layout 776:Significant difference between src net: ['', 'left', 'COL2'] and dst net: ['', 'right', 'COL2'], with src_net_depth=3, dst_net_depth=3, src_fp_depth=1, dst_fp_depth=1, match level 0.74
01-09 22:36:18 com_github_MitjaNemec_ReplicateLayout.replicate_layout 776:Significant difference between src net: ['', 'left', 'COL1'] and dst net: ['', 'right', 'COL1'], with src_net_depth=3, dst_net_depth=3, src_fp_depth=1, dst_fp_depth=1, match level 0.74
01-09 22:36:18 com_github_MitjaNemec_ReplicateLayout.replicate_layout 776:Significant difference between src net: ['', 'left', 'COL0'] and dst net: ['', 'right', 'COL0'], with src_net_depth=3, dst_net_depth=3, src_fp_depth=1, dst_fp_depth=1, match level 0.74
01-09 22:36:18 com_github_MitjaNemec_ReplicateLayout.replicate_layout 776:Significant difference between src net: ['', 'left', 'COL4'] and dst net: ['', 'right', 'COL4'], with src_net_depth=3, dst_net_depth=3, src_fp_depth=1, dst_fp_depth=1, match level 0.74
01-09 22:36:18 com_github_MitjaNemec_ReplicateLayout.replicate_layout 776:Significant difference between src net: ['', 'left', 'COL3'] and dst net: ['', 'right', 'COL3'], with src_net_depth=3, dst_net_depth=3, src_fp_depth=1, dst_fp_depth=1, match level 0.74
01-09 22:36:18 com_github_MitjaNemec_ReplicateLayout.replicate_layout 776:Significant difference between src net: ['', 'left', 'COL3'] and dst net: ['', 'right', 'COL3'], with src_net_depth=3, dst_net_depth=3, src_fp_depth=1, dst_fp_depth=1, match level 0.74
01-09 22:36:18 com_github_MitjaNemec_ReplicateLayout.replicate_layout 776:Significant difference between src net: ['', 'left', 'COL5'] and dst net: ['', 'right', 'COL5'], with src_net_depth=3, dst_net_depth=3, src_fp_depth=1, dst_fp_depth=1, match level 0.74
01-09 22:36:18 com_github_MitjaNemec_ReplicateLayout.replicate_layout 776:Significant difference between src net: ['', 'left', 'COL1'] and dst net: ['', 'right', 'COL1'], with src_net_depth=3, dst_net_depth=3, src_fp_depth=1, dst_fp_depth=1, match level 0.74
01-09 22:36:18 com_github_MitjaNemec_ReplicateLayout.replicate_layout 776:Significant difference between src net: ['', 'left', 'COL0'] and dst net: ['', 'right', 'COL0'], with src_net_depth=3, dst_net_depth=3, src_fp_depth=1, dst_fp_depth=1, match level 0.74
01-09 22:36:18 com_github_MitjaNemec_ReplicateLayout.replicate_layout 776:Significant difference between src net: ['', 'left', 'COL2'] and dst net: ['', 'right', 'COL2'], with src_net_depth=3, dst_net_depth=3, src_fp_depth=1, dst_fp_depth=1, match level 0.74
01-09 22:36:18 com_github_MitjaNemec_ReplicateLayout.replicate_layout 792:Net pairs for sheet ['/right/'] :[('Net-(LED13-DOUT)', 'Net-(LED14-DOUT)'), ('Net-(LED35-DOUT)', 'Net-(LED47-DOUT)'), ('Net-(D41-A)', 'Net-(D47-A)'), ('Net-(D15-A)', 'Net-(D21-A)'), ('Net-(D38-A)', 'Net-(D44-A)'), ('/left/COL0', '/right/COL0'), ('Net-(LED25-DOUT)', 'Net-(LED26-DOUT)'), ('/left/COL5', '/right/COL5'), ('/left/VCC', '/right/VCC'), ('Net-(LED36-DIN)', 'Net-(LED48-DIN)'), ('/left/BT_PIN', '/right/BT_PIN'), ('/left/Encoder_B', '/right/Encoder_B'), ('unconnected-(LED57-DOUT-Pad2)', 'unconnected-(LED69-DOUT-Pad2)'), ('GND', 'GND'), ('Net-(D3-A)', 'Net-(D4-A)'), ('Net-(D5-A)', 'Net-(D6-A)'), ('Net-(LED15-DOUT)', 'Net-(LED16-DOUT)'), ('Net-(D42-A)', 'Net-(D48-A)'), ('/left/COL1', '/right/COL1'), ('Net-(D9-A)', 'Net-(D10-A)'), ('', ''), ('Net-(LED28-DIN)', 'Net-(LED40-DIN)'), ('Net-(LED32-DIN)', 'Net-(LED44-DIN)'), ('Net-(LED19-DOUT)', 'Net-(LED20-DOUT)'), ('/left/VBAT', '/right/VBAT'), ('Net-(LED27-DOUT)', 'Net-(LED39-DOUT)'), ('Net-(LED33-DOUT)', 'Net-(LED45-DOUT)'), ('/left/Encoder_A', '/right/Encoder_A'), ('Net-(D11-A)', 'Net-(D12-A)'), ('/left/ROW2', '/right/ROW2'), ('unconnected-(U5-RST-Pad17)', 'unconnected-(U6-RST-Pad17)'), ('Net-(LED55-DOUT)', 'Net-(LED67-DOUT)'), ('Net-(LED11-DOUT)', 'Net-(LED12-DOUT)'), ('Net-(D18-A)', 'Net-(D24-A)'), ('unconnected-(LED1-DO-Pad1)', 'unconnected-(LED2-DO-Pad1)'), ('/left/LED', '/right/LED'), ('Net-(LED21-DOUT)', 'Net-(LED22-DOUT)'), ('Net-(D30-A)', 'Net-(D36-A)'), ('/left/UART_RX', '/right/UART_RX'), ('/left/SCL', '/right/SCL'), ('Net-(D1-A)', 'Net-(D2-A)'), ('/left/UART_TX', '/right/UART_TX'), ('Net-(D52-A)', 'Net-(D56-A)'), ('Net-(D17-A)', 'Net-(D23-A)'), ('/left/COL4', '/right/COL4'), ('Net-(LED31-DOUT)', 'Net-(LED43-DOUT)'), ('Net-(D40-A)', 'Net-(D46-A)'), ('Net-(LED11-DIN)', 'Net-(LED10-DOUT)'), ('Net-(D29-A)', 'Net-(D35-A)'), ('Net-(LED28-DOUT)', 'Net-(LED40-DOUT)'), ('Net-(D27-A)', 'Net-(D33-A)'), ('Net-(D49-A)', 'Net-(D53-A)'), ('Net-(LED7-DOUT)', 'Net-(LED10-DIN)'), ('Net-(D13-A)', 'Net-(D19-A)'), ('Net-(D25-A)', 'Net-(D31-A)'), ('/left/ROW1', '/right/ROW1'), ('Net-(D14-A)', 'Net-(D20-A)'), ('/left/ROW0', '/right/ROW0'), ('Net-(LED51-DOUT)', 'Net-(LED63-DOUT)'), ('Net-(D28-A)', 'Net-(D34-A)'), ('/left/ROW4', '/right/ROW4'), ('Net-(LED29-DOUT)', 'Net-(LED41-DOUT)'), ('Net-(LED53-DOUT)', 'Net-(LED65-DOUT)'), ('Net-(D7-A)', 'Net-(D8-A)'), ('unconnected-(U5-P1.01-Pad27)', 'unconnected-(U6-P1.01-Pad27)'), ('/left/SDA', '/right/SDA'), ('/left/COL3', '/right/COL3'), ('Net-(D57-A)', 'Net-(D58-A)'), ('/left/COL2', '/right/COL2'), ('Net-(LED34-DIN)', 'Net-(LED46-DIN)'), ('Net-(D39-A)', 'Net-(D45-A)'), ('Net-(D51-A)', 'Net-(D55-A)'), ('Net-(D50-A)', 'Net-(D54-A)'), ('Net-(D26-A)', 'Net-(D32-A)'), ('Net-(LED30-DIN)', 'Net-(LED42-DIN)'), ('Net-(LED17-DOUT)', 'Net-(LED18-DOUT)'), ('Net-(LED3-DOUT)', 'Net-(LED4-DOUT)'), ('Net-(LED37-DOUT)', 'Net-(LED49-DOUT)'), ('Net-(LED23-DOUT)', 'Net-(LED24-DOUT)'), ('/left/LED_STATUS', '/right/LED_STATUS'), ('Net-(D37-A)', 'Net-(D43-A)'), ('Net-(D16-A)', 'Net-(D22-A)'), ('Net-(LED5-DOUT)', 'Net-(LED6-DOUT)'), ('/left/ROW3', '/right/ROW3'), ('Net-(LED3-DIN)', 'Net-(LED4-DIN)'), ('Net-(LED1-DI)', 'Net-(LED2-DI)')]
01-09 22:36:18 root 340:updating GUI message: 'Replicating text'
01-09 22:36:18 root 345:updating GUI with: 0
01-09 22:36:18 com_github_MitjaNemec_ReplicateLayout.replicate_layout 1173:Replicating text
01-09 22:36:18 com_github_MitjaNemec_ReplicateLayout.replicate_layout 1180:Replicating text on sheet ['/right/']
01-09 22:36:18 com_github_MitjaNemec_ReplicateLayout.replicate_layout 835:Src fp.id: '756CB421-F0CA-41F6-8038-F09E4E57E03F'
01-09 22:36:18 com_github_MitjaNemec_ReplicateLayout.replicate_layout 839:Dst fp.id: '756CB421-F0CA-41F6-8038-F09E4E57E03F'
01-09 22:36:18 root 340:updating GUI message: 'Replicating drawings'
01-09 22:36:18 com_github_MitjaNemec_ReplicateLayout.replicate_layout 1224:Replicating drawings
01-09 22:36:18 com_github_MitjaNemec_ReplicateLayout.replicate_layout 1230:Replicating drawings on sheet ['/right/']
01-09 22:36:18 com_github_MitjaNemec_ReplicateLayout.replicate_layout 835:Src fp.id: '756CB421-F0CA-41F6-8038-F09E4E57E03F'
01-09 22:36:18 com_github_MitjaNemec_ReplicateLayout.replicate_layout 839:Dst fp.id: '756CB421-F0CA-41F6-8038-F09E4E57E03F'
01-09 22:36:19 com_github_MitjaNemec_ReplicateLayout.action_replicate_layout 264:Replication complete
01-09 22:36:19 com_github_MitjaNemec_ReplicateLayout.action_replicate_layout 267:Letting the user know there are some issues with replicated design
01-09 22:36:19 com_github_MitjaNemec_ReplicateLayout.action_replicate_layout 271:Looks like the design has an exotic connectivity that the plugin might not handle properly
 Make sure that you check the connectivity around:
Footprint LED42, pad 1
Footprint LED6, pad 1
Footprint D54, pad 1
Footprint D48, pad 1
Footprint D21, pad 1
Footprint SW21, pad 1
Footprint LED44, pad 1
Footprint LED67, pad 1
Footprint D36, pad 1
Footprint C18, pad 1
Footprint D58, pad 1
Footprint SW12, pad 1
Footprint U6, pad 1
Footprint SW10, pad 1
Footprint C2, pad 1
Footprint C26, pad 1
Footprint U6, pad 21
Footprint LED10, pad 1
Footprint D45, pad 1
Footprint C16, pad 1
Footprint U6, pad 7
Footprint U6, pad 10
Footprint U6, pad 29
Footprint LED24, pad 1
Footprint D2, pad 1
Footprint C41, pad 1
Footprint J2, pad 1
Footprint C48, pad 1
Footprint R4, pad 1
Footprint LED40, pad 1
Footprint SW23, pad 1
Footprint LED14, pad 1
Footprint C68, pad 1
Footprint U6, pad 8
Footprint R8, pad 2
Footprint C14, pad 1
Footprint SW33, pad 1
Footprint D23, pad 1
Footprint C12, pad 1
Footprint R2, pad 1
Footprint SW53, pad 1
Footprint U6, pad 13
Footprint C42, pad 1
Footprint SW4, pad 1
Footprint C43, pad 1
Footprint SW32, pad 1
Footprint D32, pad 1
Footprint LED12, pad 1
Footprint D12, pad 1
Footprint C49, pad 1
Footprint D46, pad 1
Footprint SW58, pad S2
Footprint SW24, pad 1
Footprint C45, pad 1
Footprint C66, pad 1
Footprint J2, pad 3
Footprint LED41, pad 1
Footprint R6, pad 2
Footprint C46, pad 1
Footprint C24, pad 1
Footprint C44, pad 1
Footprint U4, pad 1
Footprint D19, pad 1
Footprint C64, pad 1
Footprint SW19, pad 1
Footprint LED43, pad 1
Footprint LED50, pad 1
Footprint SW43, pad 1
Footprint C4, pad 1
Footprint U6, pad 15
Footprint SW55, pad 1
Footprint SW31, pad 1
Footprint LED47, pad 1
Footprint C22, pad 1
Footprint U6, pad 20
Footprint SW35, pad 1
Footprint LED65, pad 1
Footprint LED2, pad 4
Footprint SW6, pad 1
Footprint TP3, pad 1
Footprint D8, pad 1
Footprint C70, pad 1
Footprint D44, pad 1
Footprint C8, pad 1
Footprint J2, pad 2
Footprint D53, pad 1
Footprint C20, pad 1
Footprint LED48, pad 1
Footprint SW20, pad 1
Footprint C6, pad 1
Footprint D33, pad 1
Footprint SW2, pad 1
Footprint SW34, pad 1
Footprint LED63, pad 1
Footprint LED16, pad 1
Footprint D6, pad 1
Footprint R2, pad 2
Footprint D47, pad 1
Footprint U6, pad 23
Footprint U6, pad 22
Footprint D4, pad 1
Footprint LED69, pad 1
Footprint D56, pad 1
Footprint LED22, pad 1
Footprint LED8, pad 1
Footprint D20, pad 1
Footprint LED20, pad 1
Footprint U6, pad 2
Footprint C50, pad 1
Footprint D35, pad 1
Footprint C47, pad 1
Footprint U6, pad 14
Footprint C10, pad 1
Footprint U6, pad 26
Footprint U6, pad 18
Footprint SW22, pad 1
Footprint LED26, pad 1
Footprint LED18, pad 1
Footprint D22, pad 1
Footprint D55, pad 1
Footprint LED4, pad 1
Footprint C39, pad 1
Footprint C40, pad 1
Footprint U6, pad 9
Footprint SW56, pad 1
Footprint D10, pad 1
Footprint U6, pad 28
Footprint LED39, pad 1
Footprint LED46, pad 1
Footprint D43, pad 1
Footprint LED49, pad 1
Footprint SW8, pad 1
Footprint SW54, pad 1
Footprint U6, pad 6
Footprint D31, pad 1
Footprint U6, pad 11
Footprint U6, pad 12
Footprint D34, pad 1
Footprint SW46, pad 1
Footprint D24, pad 1
Footprint SW36, pad 1
Footprint SW44, pad 1
Footprint SW45, pad 1
Footprint LED45, pad 1
Footprint U6, pad 19
Footprint SW47, pad 1
Footprint SW48, pad 1

